2014-01-02,188422,229611,82.06,442176,384576,114.98
2014-01-03,215957,203501,106.12,475053,441781,107.53
2014-01-06,183923,191312,96.14,501774,485695,103.31
2014-01-07,183588,177366,103.51,529909,507140,104.49
2014-01-08,207039,220804,93.77,498961,452383,110.30
2014-01-09,212585,218358,97.36,521316,493573,105.62
2014-01-10,135689,141374,95.98,542530,510274,106.32
2014-01-13,212366,220784,96.19,568776,510793,111.35
2014-01-14,181765,199316,91.19,592230,530930,111.55
2014-01-15,221699,297075,74.63,283679,263438,107.68
2014-01-16,147021,162351,90.56,333843,321368,103.88
2014-01-17,163470,167274,97.73,381554,362907,105.14
2014-01-20,157918,141564,111.55,408398,384326,106.26
2014-01-21,149517,149988,99.69,438245,417954,104.85
2014-01-22,162183,178234,90.99,368602,352703,104.51
2014-01-23,141635,158874,89.15,417771,395800,105.55
2014-01-24,141065,171474,82.27,456571,443357,102.98
2014-01-27,368839,397788,92.72,492129,527877,93.23
2014-02-05,456727,423124,107.94,436372,512356,85.17
2014-02-06,193042,206014,93.70,472818,558436,84.67
2014-02-07,244271,249582,97.87,527180,591001,89.20
2014-02-10,206150,201552,102.28,570323,618932,92.15
2014-02-11,185448,181780,102.02,606470,638771,94.94
2014-02-12,288640,347710,83.01,548739,584332,93.91
2014-02-13,168423,173103,97.30,581859,612688,94.97
2014-02-14,296789,319439,92.91,631427,613785,102.87
2014-02-17,205550,208754,98.47,665319,644256,103.27
2014-02-18,239783,246410,97.31,710572,663031,107.17
2014-02-19,196847,207091,95.05,320804,263816,121.60
2014-02-20,210723,192042,109.73,392249,340213,115.30
2014-02-21,197446,216134,91.35,439571,365985,120.11
2014-02-24,201840,180149,112.04,490773,403603,121.60
2014-02-25,152449,146555,104.02,524390,433365,121.00
2014-02-26,231216,225140,102.70,461205,372198,123.91
2014-02-27,124354,135775,91.59,498519,405727,122.87
2014-03-03,238042,234610,101.46,542279,455414,119.07
2014-03-04,169563,159254,106.47,566537,485733,116.64
2014-03-05,199132,203797,97.71,524002,419015,125.06
2014-03-06,300738,278948,107.81,611053,470680,129.82
2014-03-07,351999,372590,94.47,654643,510135,128.33
2014-03-10,213671,178719,119.56,680476,532824,127.71
2014-03-11,183525,178775,102.66,707731,550166,128.64
2014-03-12,256955,228341,112.53,614755,497696,123.52
2014-03-13,275510,270579,101.82,676556,519720,130.18
2014-03-14,203604,185210,109.93,697155,548010,127.22
2014-03-17,182525,171219,106.60,729954,566109,128.94
2014-03-18,197199,213708,92.27,760279,570451,133.28
2014-03-19,245967,259117,94.93,296192,261653,113.20
2014-03-20,268444,232930,115.25,381099,337984,112.76
2014-03-21,187517,172619,108.63,429402,383806,111.88
2014-03-24,261503,231299,113.06,476204,425108,112.02
2014-03-25,264413,251840,104.99,526898,434194,121.35
2014-03-26,254087,271684,93.52,458776,376037,122.00
2014-03-27,226603,211183,107.30,528483,424760,124.42
2014-03-28,229121,196232,116.76,590631,461709,127.92
2014-03-31,250206,182784,136.89,621002,473820,131.06
2014-04-01,271464,227764,119.19,658740,478003,137.81
2014-04-02,322459,319280,101.00,574543,434220,132.32
2014-04-03,162287,149554,108.51,616777,472188,130.62
2014-04-07,224665,165527,135.73,652481,494295,132.00
2014-04-08,227946,205279,111.04,679638,506869,134.09
2014-04-09,220193,187554,117.40,638556,453958,140.66
2014-04-10,264000,276994,95.31,694211,492267,141.02
2014-04-11,272170,248905,109.35,731051,530341,137.85
2014-04-14,176049,160025,110.01,754513,553207,136.39
2014-04-15,213760,210410,101.59,801380,565579,141.69
2014-04-16,259879,336129,77.32,357585,314127,113.83
2014-04-17,230491,159997,144.06,446030,367348,121.42
2014-04-18,215094,191434,112.36,490209,397270,123.39
2014-04-21,126025,92691,135.96,522115,417543,125.04
2014-04-22,197824,161668,122.36,551650,437431,126.11
2014-04-23,331915,262240,126.57,489787,390075,125.56
2014-04-24,157888,137814,114.57,539184,428158,125.93
2014-04-25,562655,458350,122.76,552052,494570,111.62
2014-04-28,422869,391105,108.12,610084,536769,113.66
2014-04-29,265461,260704,101.82,656260,540950,121.32
2014-04-30,448577,348011,128.90,581298,469086,123.92
2014-05-02,263730,198714,132.72,639126,496066,128.84
2014-05-05,256995,226765,113.33,674072,519404,129.78
2014-05-06,299591,270694,110.68,711857,530471,134.19
2014-05-07,322313,277973,115.95,631843,493910,127.93
2014-05-08,246359,202507,121.65,686234,513523,133.63
2014-05-09,217370,196119,110.84,706998,547012,129.25
2014-05-12,267777,246818,108.49,728016,593320,122.70
2014-05-13,295749,278507,106.19,754765,614583,122.81
2014-05-14,369211,314348,117.45,696217,532856,130.66
2014-05-15,177968,150936,117.91,729437,562973,129.57
2014-05-16,272335,260663,104.48,747328,578067,129.28
2014-05-19,197579,188255,104.95,777613,599709,129.67
2014-05-20,237724,230515,103.13,805970,604941,133.23
2014-05-21,326220,288203,113.19,369777,301179,122.78
2014-05-22,335811,299704,112.05,463606,363527,127.53
2014-05-23,281714,248515,113.36,525678,398783,131.82
2014-05-26,225415,216411,104.16,561232,423418,132.55
2014-05-27,169800,157645,107.71,595411,446923,133.22
2014-05-28,359792,435961,82.53,529135,406436,130.19
2014-05-29,221552,200057,110.74,593872,445990,133.16
2014-05-30,247545,218202,113.45,633688,480972,131.75
2014-06-03,286019,279423,102.36,665205,511484,130.05
2014-06-04,228026,223794,101.89,629523,454083,138.64
2014-06-05,200401,184922,108.37,680339,492709,138.08
2014-06-06,232293,217041,107.03,719793,509753,141.20
2014-06-09,177007,152134,116.35,744278,520092,143.11
2014-06-10,304383,313948,96.95,794798,511983,155.24
2014-06-11,209935,240516,87.29,726588,473093,153.58
2014-06-12,197177,170715,115.50,780948,501814,155.62
2014-06-13,227328,211892,107.28,818266,530894,154.13
2014-06-16,167563,153408,109.23,838215,540472,155.09
2014-06-17,252336,292736,86.20,864968,521768,165.78
2014-06-18,416689,550106,75.75,356830,279300,127.76
2014-06-19,275050,230813,119.17,436401,326204,133.78
2014-06-20,230420,205382,112.19,475927,370777,128.36
2014-06-23,292302,229304,127.47,507939,407906,124.52
2014-06-24,224422,184387,121.71,540724,429363,125.94
2014-06-25,301227,228329,131.93,466303,356223,130.90
2014-06-26,288834,242526,119.09,538803,384376,140.18
2014-06-27,177089,192400,92.04,567069,414938,136.66
2014-06-30,327534,337296,97.11,615750,424041,145.21
2014-07-01,435107,537493,80.95,685906,447311,153.34
2014-07-02,765131,893755,85.61,606468,417233,145.35
2014-07-03,353951,396356,89.30,669569,452120,148.10
2014-07-04,364699,388444,93.89,715197,497303,143.82
2014-07-07,315735,310247,101.77,751344,525441,142.99
2014-07-08,311056,258868,120.16,789299,533982,147.81
2014-07-09,355036,302186,117.49,699615,461298,151.66
2014-07-10,405175,367531,110.24,766233,479745,159.72
2014-07-11,575309,484859,118.65,792303,522979,151.50
2014-07-14,272312,231472,117.64,823541,526013,156.56
2014-07-15,364558,358119,101.80,842493,528841,159.31
2014-07-16,527178,486259,108.42,386455,305416,126.53
2014-07-17,355240,316305,112.31,484846,405937,119.44
2014-07-18,326218,291346,111.97,543483,472944,114.91
2014-07-21,245748,244670,100.44,570914,485911,117.49
2014-07-22,290393,273498,106.18,603984,482239,125.25
2014-07-24,321340,371710,86.45,525505,426356,123.25
2014-07-25,365042,329616,110.75,607740,511956,118.71
2014-07-28,304963,287252,106.17,646502,538615,120.03
2014-07-29,385400,375274,102.70,666431,583208,114.27
2014-07-30,365160,335581,108.81,594748,471299,126.19
2014-07-31,413309,360204,114.74,646002,551427,117.15
2014-08-01,377883,314004,120.34,676472,620329,109.05
2014-08-04,247542,235178,105.26,710302,646963,109.79
2014-08-05,632926,581214,108.90,688784,729966,94.36
2014-08-06,568724,481221,118.18,597462,625957,95.45
2014-08-07,225362,261949,86.03,632219,669766,94.39
2014-08-08,499722,427328,116.94,673027,734494,91.63
2014-08-11,293238,292236,100.34,711959,737068,96.59
2014-08-12,308618,296332,104.15,732158,763010,95.96
2014-08-13,392027,438140,89.48,655921,650359,100.86
2014-08-14,280605,286485,97.95,701289,692096,101.33
2014-08-15,306806,283248,108.32,736782,725357,101.58
2014-08-18,316773,336209,94.22,742165,768284,96.60
2014-08-19,364795,419943,86.87,780276,729361,106.98
2014-08-20,379207,421082,90.06,391424,319155,122.64
2014-08-21,233029,227950,102.23,464042,406646,114.11
2014-08-22,401582,377334,106.43,562854,428170,131.46
2014-08-25,186660,168727,110.63,607365,462243,131.40
2014-08-26,179014,189331,94.55,641272,487597,131.52
2014-08-27,460614,448053,102.80,545571,405787,134.45
2014-08-28,216434,177386,122.01,600721,453092,132.58
2014-08-29,225681,262304,86.04,634138,501700,126.40
2014-09-01,295461,265965,111.09,680128,522607,130.14
2014-09-02,469176,481718,97.40,679105,614535,110.51
2014-09-03,391405,372966,104.94,601817,505514,119.05
2014-09-04,263914,247427,106.66,656740,567237,115.78
2014-09-05,296129,314332,94.21,690934,616526,112.07
2014-09-09,279141,289610,96.39,721853,635700,113.55
2014-09-10,518566,528478,98.12,643070,597180,107.68
2014-09-11,251553,291737,86.23,677843,650385,104.22
2014-09-12,436145,453729,96.12,680289,723031,94.09
2014-09-15,356681,360528,98.93,686546,755676,90.85
2014-09-16,388506,402810,96.45,674439,802198,84.07
2014-09-17,541769,553745,97.84,304251,347760,87.49
2014-09-18,239644,248657,96.38,383366,430405,89.07
2014-09-19,273651,308835,88.61,440904,478171,92.21
2014-09-22,423359,438614,96.52,465639,550071,84.65
2014-09-23,313631,283301,110.71,491510,586153,83.85
2014-09-24,348190,308626,112.82,405087,459296,88.20
2014-09-25,428043,451543,94.80,462298,571794,80.85
2014-09-26,444767,403021,110.36,501918,628287,79.89
2014-09-29,254315,265714,95.71,529223,676143,78.27
2014-09-30,540021,600056,90.00,571943,734755,77.84
2014-10-01,421315,495037,85.11,485130,601007,80.72
2014-10-02,393795,409244,96.22,569632,666431,85.48
2014-10-03,368825,465511,79.23,625229,658853,94.90
2014-10-06,240583,282246,85.24,657651,695585,94.55
2014-10-07,428856,413372,103.75,668630,750288,89.12
2014-10-08,453212,425087,106.62,563220,652072,86.37
2014-10-09,370637,418999,88.46,600220,711975,84.30
2014-10-13,625547,559416,111.82,580580,808388,71.82
2014-10-14,430603,376135,114.48,617587,849056,72.74
2014-10-15,601274,557727,107.81,336978,363935,92.59
2014-10-16,513201,516482,99.36,445164,486745,91.46
2014-10-17,433127,459206,94.32,492202,567639,86.71
2014-10-20,335706,360621,93.09,543440,589462,92.19
2014-10-21,229798,259220,88.65,580005,625007,92.80
2014-10-22,372446,443048,84.06,475236,477263,99.58
2014-10-23,179227,166913,107.38,536656,525991,102.03
2014-10-24,393856,365799,107.67,576772,603728,95.54
2014-10-27,269376,276964,97.26,601101,624389,96.27
2014-10-28,405622,439178,92.36,660831,611070,108.14
2014-10-29,462683,571241,81.00,560339,512669,109.30
2014-10-30,268365,291880,91.94,613617,572378,107.20
2014-10-31,386812,449372,86.08,672461,586193,114.72
2014-11-03,396784,488066,81.30,726345,619071,117.33
2014-11-04,403999,401196,100.70,769380,644784,119.32
2014-11-05,428691,440091,97.41,645500,568559,113.53
2014-11-06,341987,380394,89.90,694287,657959,105.52
2014-11-07,324736,330987,98.11,727480,691004,105.28
2014-11-10,372641,454502,81.99,774632,664229,116.62
2014-11-11,244892,296840,82.50,798992,697777,114.51
2014-11-12,574820,665815,86.33,662146,643568,102.89
2014-11-13,313070,356761,87.75,719039,680482,105.67
2014-11-14,300010,328466,91.34,743649,696901,106.71
2014-11-17,493880,511764,96.51,760832,718971,105.82
2014-11-18,480399,476583,100.80,766910,769714,99.64
2014-11-19,533488,580536,91.90,343033,327449,104.76
2014-11-20,327670,289803,113.07,444359,376223,118.11
2014-11-21,214713,217628,98.66,486580,427212,113.90
2014-11-24,233477,230063,101.48,527697,454650,116.07
2014-11-25,282877,277475,101.95,557089,475918,117.06
2014-11-26,287031,309878,92.63,457950,389676,117.52
2014-11-27,338796,320600,105.68,558944,453591,123.23
2014-11-28,272535,240853,113.15,637193,509653,125.02
2014-12-01,545555,531445,102.66,666370,577539,115.38
2014-12-02,446373,443138,100.73,680642,642656,105.91
2014-12-03,582304,619946,93.93,599305,489341,122.47
2014-12-04,312722,341489,91.58,677633,553655,122.39
2014-12-05,232264,245484,94.61,718979,595220,120.79
2014-12-08,283380,325461,87.07,746223,635781,117.37
2014-12-09,297571,287587,103.47,750456,675903,111.03
2014-12-10,731994,675243,108.40,624911,597193,104.64
2014-12-11,353505,358532,98.60,680487,642943,105.84
2014-12-12,299160,300518,99.55,723452,675127,107.16
2014-12-15,408076,410037,99.52,731440,707046,103.45
2014-12-16,448599,430636,104.17,758340,749727,101.15
2014-12-17,719580,634861,113.34,255461,259035,98.62
2014-12-18,283530,311055,91.15,338893,334277,101.38
2014-12-19,389090,435227,89.40,407235,365017,111.57
2014-12-22,286767,301165,95.22,457077,380884,120.00
2014-12-23,240222,247794,96.94,489474,399538,122.51
2014-12-24,397419,466609,85.17,365496,309455,118.11
2014-12-25,164934,145881,113.06,421038,360107,116.92
2014-12-26,215984,237143,91.08,473825,412476,114.87
2014-12-27,149599,127457,117.37,494307,426710,115.84
2014-12-29,316489,322370,98.18,542082,438273,123.69
2014-12-30,287831,317367,90.69,572976,484644,118.23
2014-12-31,368949,332545,110.95,455608,379494,120.06
2015-01-05,405351,412700,98.22,541941,444371,121.96
2015-01-06,628114,590562,106.36,544443,544245,100.04
2015-01-07,512858,486041,105.52,509661,449802,113.31
2015-01-08,443405,493170,89.91,616168,480157,128.33
2015-01-09,432249,445513,97.02,656017,526223,124.67
2015-01-12,360646,345969,104.24,681502,556581,122.44
2015-01-13,430782,396392,108.68,719686,573430,125.51
2015-01-14,529875,482207,109.89,599786,465245,128.92
2015-01-15,337927,321504,105.11,656800,526262,124.80
2015-01-16,453108,466334,97.16,689395,569058,121.15
2015-01-19,414157,410126,100.98,712769,586090,121.61
2015-01-20,439305,447069,98.26,759724,576957,131.68
2015-01-21,409413,484875,84.44,302936,257007,117.87
2015-01-22,310395,263297,117.89,406985,326104,124.80
2015-01-23,288683,300113,96.19,477328,381104,125.25
2015-01-26,223622,174927,127.84,517192,408974,126.46
2015-01-27,312059,292666,106.63,554863,439532,126.24
2015-01-28,364505,312073,116.80,439799,362724,121.25
2015-01-29,334507,312793,106.94,509677,444715,114.61
2015-01-30,278957,262655,106.21,537451,481923,111.52
2015-02-02,246024,222831,110.41,571189,513395,111.26
2015-02-03,295717,273101,108.28,599240,525135,114.11
2015-02-04,364592,433230,84.16,506199,412989,122.57
2015-02-05,212147,215498,98.44,548187,455845,120.26
2015-02-06,241782,281346,85.94,572034,511517,111.83
2015-02-09,218977,227089,96.43,593822,538679,110.24
2015-02-10,224837,247196,90.95,600540,567537,105.82
2015-02-11,351690,403360,87.19,528142,438448,120.46
2015-02-12,185432,187389,98.96,576633,481398,119.78
2015-02-13,266925,288480,92.53,637648,511086,124.76
2015-02-24,337312,367359,91.82,324228,260937,124.26
2015-02-25,319983,299099,106.98,383175,300475,127.52
2015-02-26,263743,251900,104.70,473474,398214,118.90
2015-03-02,233479,215874,108.16,507797,442815,114.67
2015-03-03,276145,283769,97.31,542785,478740,113.38
2015-03-04,301484,304425,99.03,464988,398447,116.70
2015-03-05,247492,249858,99.05,525012,456193,115.09
2015-03-06,243828,246193,99.04,562834,482854,116.56
2015-03-09,247241,277205,89.19,585869,527836,110.99
2015-03-10,305127,329746,92.53,597924,569476,105.00
2015-03-11,494611,515385,95.97,525733,485631,108.26
2015-03-12,366981,349961,104.86,599191,524042,114.34
2015-03-13,237729,245136,96.98,628094,551684,113.85
2015-03-16,268077,267578,100.19,648197,598133,108.37
2015-03-17,387275,417760,92.70,679200,607786,111.75
2015-03-18,484150,578241,83.73,334199,295301,113.17
2015-03-19,391478,365392,107.14,465358,386644,120.36
2015-03-20,210064,173795,120.87,501367,420317,119.28
2015-03-23,205459,183215,112.14,532145,441627,120.50
2015-03-24,245702,245621,100.03,553223,469367,117.87
2015-03-25,441760,409710,107.82,447228,389901,114.70
2015-03-26,370088,357906,103.40,494947,452962,109.27
2015-03-27,418227,410963,101.77,561686,549990,102.13
2015-03-30,275995,279744,98.66,588717,583826,100.84
2015-03-31,292819,352898,82.98,618963,603192,102.61
2015-04-01,534475,498155,107.29,543623,509398,106.72
2015-04-02,382465,385520,99.21,628769,561001,112.08
2015-04-07,258752,230842,112.09,665972,581394,114.55
2015-04-08,424301,409124,103.71,575394,519046,110.86
2015-04-09,485635,518146,93.73,637099,592906,107.45
2015-04-10,384449,393770,97.63,678482,611007,111.04
2015-04-13,252581,264805,95.38,703542,630916,111.51
2015-04-14,259373,242994,106.74,718648,645226,111.38
2015-04-15,677155,613624,110.35,357588,337286,106.02
2015-04-16,338047,342341,98.75,456789,414717,110.14
2015-04-17,318978,365864,87.18,506964,484645,104.61
2015-04-20,412421,372525,110.71,554316,524331,105.72
2015-04-21,329767,315707,104.45,584040,565523,103.27
2015-04-22,525519,588348,89.32,493152,467651,105.45
2015-04-23,705692,881033,80.10,637638,561119,113.64
2015-04-24,591400,750394,78.81,691404,605402,114.21
2015-04-27,430717,571499,75.37,757438,650131,116.51
2015-04-28,381086,359866,105.90,802998,703053,114.22
2015-04-29,722512,673873,107.22,595198,556975,106.86
2015-04-30,311269,365765,85.10,643664,640060,100.56
2015-05-04,336512,359996,93.48,694309,687350,101.01
2015-05-05,335060,383787,87.30,722412,737923,97.90
2015-05-06,526381,574873,91.56,640851,612314,104.66
2015-05-07,314525,370894,84.80,668910,690346,96.89
2015-05-08,275386,319354,86.23,696015,752139,92.54
2015-05-11,460374,522319,88.14,724245,803449,90.14
2015-05-12,379627,389903,97.36,747528,844566,88.51
2015-05-13,478928,551168,86.89,655083,695285,94.22
2015-05-14,462835,548207,84.43,680906,798472,85.28
2015-05-15,422579,470265,89.86,688113,846452,81.29
2015-05-18,246400,358438,68.74,703952,898405,78.36
2015-05-19,496699,637946,77.86,750468,887420,84.57
2015-05-20,494196,529386,93.35,367371,417615,87.97
2015-05-21,353822,407598,86.81,443831,538499,82.42
2015-05-22,332965,344725,96.59,507726,577946,87.85
2015-05-25,276659,317963,87.01,546249,624973,87.40
2015-05-26,407034,426099,95.53,592057,648318,91.32
2015-05-27,471804,475251,99.27,468994,516822,90.75
2015-05-28,272502,295162,92.32,538233,565262,95.22
2015-05-29,278758,316638,88.04,589635,641837,91.87
2015-06-01,343916,395580,86.94,615125,729386,84.33
2015-06-02,295050,348974,84.55,633788,767693,82.56
2015-06-03,401272,507372,79.09,520082,639289,81.35
2015-06-04,645792,679224,95.08,558070,781750,71.39
2015-06-05,456852,492949,92.68,610829,844820,72.30
2015-06-08,458346,479856,95.52,649843,875941,74.19
2015-06-09,608317,570849,106.56,662813,951095,69.69
2015-06-10,515026,555573,92.70,553301,735241,75.25
2015-06-11,319372,364245,87.68,603068,801715,75.22
2015-06-12,284615,304525,93.46,646257,843799,76.59
2015-06-15,289167,302309,95.65,660430,874523,75.52
2015-06-16,407672,379384,107.46,665910,918343,72.51
2015-06-17,414945,420372,98.71,247122,335383,73.68
2015-06-18,213253,248322,85.88,309158,407755,75.82
2015-06-22,323006,296630,108.89,380414,427465,88.99
2015-06-23,325851,321159,101.46,420674,455178,92.42
2015-06-24,280602,268676,104.44,324989,386417,84.10
2015-06-25,356866,408840,87.29,400743,444159,90.23
2015-06-26,172109,183138,93.98,433947,484287,89.61
2015-06-29,500872,411918,121.60,440329,548141,80.33
2015-06-30,321816,296650,108.48,472774,562159,84.10
2015-07-01,412176,465139,88.61,404176,453390,89.15
2015-07-02,193069,247478,78.01,448193,522350,85.80
2015-07-03,337600,374499,90.15,493549,557951,88.46
2015-07-06,342412,356046,96.17,519288,611703,84.89
2015-07-07,379147,373996,101.38,546213,633101,86.28
2015-07-08,894352,931062,96.06,430174,588872,73.05
2015-07-09,650718,601938,108.10,466363,680602,68.52
2015-07-13,420456,470635,89.34,510325,698676,73.04
2015-07-14,374488,460729,81.28,538397,729532,73.80
2015-07-15,522943,547629,95.49,264461,322759,81.94
2015-07-16,247972,289808,85.56,324886,382139,85.02
2015-07-17,218412,237130,92.11,368231,430929,85.45
2015-07-20,447463,478321,93.55,408584,493535,82.79
2015-07-21,330954,345727,95.73,449371,514602,87.32
2015-07-22,531208,538595,98.63,357577,416120,85.93
2015-07-23,450166,477977,94.18,410160,531519,77.17
2015-07-24,272745,304667,89.52,436673,586582,74.44
2015-07-27,484596,569803,85.05,473557,699427,67.71
2015-07-28,409715,416874,98.28,514689,751175,68.52
2015-07-29,578511,596096,97.05,422526,594170,71.11
2015-07-30,349972,384603,91.00,477243,616770,77.38
2015-07-31,265477,295596,89.81,499959,656862,76.11
2015-08-03,422392,400023,105.59,510146,707543,72.10
2015-08-04,500343,495476,100.98,543883,743177,73.18
2015-08-05,495315,543067,91.21,461159,639310,72.13
2015-08-06,462556,560260,82.56,506719,751899,67.39
2015-08-07,401166,417293,96.14,542915,797246,68.10
2015-08-10,340295,373808,91.03,575230,817265,70.38
2015-08-11,622365,718861,86.58,603413,863836,69.85
2015-08-12,835585,770187,108.49,483243,749468,64.48
2015-08-13,347024,398296,87.13,533688,830786,64.24
2015-08-14,274269,283613,96.71,562291,868389,64.75
2015-08-17,301166,329431,91.42,551966,912896,60.46
2015-08-18,383907,406066,94.54,536036,968171,55.37
2015-08-19,788861,670438,117.66,276899,416986,66.40
2015-08-20,397857,463577,85.82,340760,520666,65.45
2015-08-21,505051,535534,94.31,388083,627873,61.81
2015-08-24,869282,879426,98.85,355118,707884,50.17
2015-08-25,627738,529529,118.55,435726,739954,58.89
2015-08-26,712846,795187,89.65,347347,557408,62.31
2015-08-27,268801,307620,87.38,396162,600583,65.96
2015-08-28,409572,388777,105.35,483009,590790,81.76
2015-08-31,352578,332213,106.13,543395,595283,91.28
2015-09-01,463216,416670,111.17,590820,637593,92.66
2015-09-02,669599,646323,103.60,461564,553245,83.43
2015-09-03,276250,267295,103.35,512878,594005,86.34
2015-09-04,334627,322221,103.85,564813,645429,87.51
2015-09-07,372539,337385,110.42,611656,691732,88.42
2015-09-08,355088,305628,116.18,651260,733466,88.79
2015-09-09,728090,750700,96.99,565534,551341,102.57
2015-09-10,315907,329967,95.74,623347,596816,104.45
2015-09-11,269947,260594,103.59,665229,624489,106.52
2015-09-14,319362,354234,90.16,706446,682986,103.43
2015-09-15,303991,358158,84.88,724632,711110,101.90
2015-09-16,464870,503239,92.38,230394,257853,89.35
2015-09-17,307754,274216,112.23,331035,323819,102.23
2015-09-18,274100,209231,131.00,383887,345047,111.26
2015-09-21,363477,337272,107.77,435849,422219,103.23
2015-09-22,253220,213047,118.86,484408,453189,106.89
2015-09-23,539443,535226,100.79,367651,368672,99.72
2015-09-24,364730,320195,113.91,433633,440831,98.37
2015-09-25,353385,280321,126.06,491649,491311,100.07
2015-09-30,538360,533065,100.99,419371,415329,100.97
2015-10-01,469154,363160,129.19,528800,444977,118.84
2015-10-02,227935,188407,120.98,566471,460938,122.90
2015-10-05,313428,294016,106.60,604928,497533,121.59
2015-10-06,428186,398654,107.41,651043,529468,122.96
2015-10-07,500065,490839,101.88,524338,427387,122.68
2015-10-08,350069,359173,97.47,583602,479646,121.67
2015-10-12,425550,346892,122.68,657646,502986,130.75
2015-10-13,304045,250105,121.57,690070,527494,130.82
2015-10-14,426506,372268,114.57,574323,438918,130.85
2015-10-15,401647,352800,113.85,646034,458179,141.00
2015-10-16,237588,223340,106.38,668791,481344,138.94
2015-10-19,278442,260546,106.87,707554,512545,138.05
2015-10-20,245587,206721,118.80,739575,517067,143.03
2015-10-21,470134,447010,105.17,252130,249172,101.19
2015-10-22,181449,173657,104.49,313715,296261,105.89
2015-10-23,300366,297664,100.91,367083,342264,107.25
2015-10-26,211699,202286,104.65,416828,377964,110.28
2015-10-27,281119,286301,98.19,459396,433331,106.02
2015-10-28,493177,456812,107.96,342651,341580,100.31
2015-10-29,330574,362899,91.09,401071,431222,93.01
2015-10-30,381443,388214,98.26,435379,470926,92.45
2015-11-02,284319,262096,108.48,471351,497641,94.72
2015-11-03,410620,393441,104.37,541367,487335,111.09
2015-11-04,648626,841438,77.09,445955,378053,117.96
2015-11-05,241238,264890,91.07,496086,427674,116.00
2015-11-06,574369,598897,95.90,534118,534839,99.87
2015-11-09,573748,557095,102.99,542701,591960,91.68
2015-11-10,486175,475113,102.33,568999,660755,86.11
2015-11-11,755537,783334,96.45,454130,547939,82.88
2015-11-12,353156,362336,97.47,484727,594209,81.58
2015-11-13,430946,461395,93.40,507020,629770,80.51
2015-11-16,440067,402797,109.25,513911,665116,77.27
2015-11-17,517952,556676,93.04,546328,658680,82.94
2015-11-18,531310,570323,93.16,269697,306220,88.07
2015-11-19,364504,352736,103.34,347827,353280,98.46
2015-11-20,294302,275997,106.63,390646,385290,101.39
2015-11-23,321726,302862,106.23,453330,422759,107.23
2015-11-24,455347,479270,95.01,479444,487786,98.29
2015-11-25,534392,533756,100.12,364706,390057,93.50
2015-11-26,330751,286213,115.56,443440,427825,103.65
2015-11-27,300289,322344,93.16,470402,488433,96.31
2015-11-30,501014,471157,106.34,486154,569124,85.42
2015-12-01,451425,449791,100.36,546429,574562,95.10
2015-12-02,496214,585421,84.76,434916,452503,96.11
2015-12-03,300456,304368,98.71,498771,507351,98.31
2015-12-04,327531,297395,110.13,529980,549563,96.44
2015-12-07,355882,352597,100.93,582443,564287,103.22
2015-12-08,401042,448356,89.45,592396,630220,94.00
2015-12-09,581628,627031,92.76,487224,536941,90.74
2015-12-10,393122,404220,97.25,515699,594988,86.67
2015-12-11,343638,386373,88.94,529675,639828,82.78
2015-12-14,406838,372402,109.25,554909,681097,81.47
2015-12-15,330378,326371,101.23,582402,697426,83.51
2015-12-16,523244,544048,96.18,194230,188834,102.86
2015-12-17,280763,257969,108.84,277889,249882,111.21
2015-12-18,296165,261632,113.20,334440,298078,112.20
2015-12-21,344550,327099,105.34,378909,341046,111.10
2015-12-22,295365,296173,99.73,414521,382755,108.30
2015-12-23,504609,446085,113.12,282123,268888,104.92
2015-12-24,265001,238145,111.28,346220,319480,108.37
2015-12-25,201596,150730,133.75,383744,338495,113.37
2015-12-28,166387,169884,97.94,407412,363914,111.95
2015-12-29,263782,313906,84.03,423614,410692,103.15
2015-12-30,385361,413581,93.18,330268,312498,105.69
2015-12-31,223895,188123,119.02,394010,351947,111.95
2016-01-04,512664,558078,91.86,413493,432311,95.65
2016-01-05,418216,388004,107.79,457305,494325,92.51
2016-01-06,781053,702980,111.11,378310,391051,96.74
2016-01-07,584976,533678,109.61,404001,476583,84.77
2016-01-08,448956,387101,115.98,462597,526455,87.87
2016-01-11,520525,466658,111.54,473306,566251,83.59
2016-01-12,453050,416347,108.82,515564,622402,82.83
2016-01-13,660511,644408,102.50,421921,485726,86.86
2016-01-14,423522,444175,95.35,495522,569723,86.98
2016-01-15,502714,484295,103.80,546525,628680,86.93
2016-01-18,718937,630125,114.09,566230,641884,88.21
2016-01-19,430764,412227,104.50,607225,651094,93.26
2016-01-20,629560,749920,83.95,238257,254162,93.74
2016-01-21,381942,324527,117.69,332787,334500,99.49
2016-01-22,371726,319516,116.34,411005,371470,110.64
2016-01-25,380043,322589,117.81,468475,385387,121.56
2016-01-26,311941,276029,113.01,484755,416733,116.32
2016-01-27,398778,402547,99.06,337373,314890,107.14
2016-01-28,308957,250377,123.40,408573,347791,117.48
2016-01-29,545488,482577,113.04,493768,355661,138.83
2016-01-30,293521,257747,113.88,557514,367262,151.80
2016-02-01,336948,342129,98.49,583053,413342,141.06
2016-02-02,291827,290465,100.47,611470,453232,134.91
2016-02-03,550090,518227,106.15,431828,345546,124.97
2016-02-15,516553,437770,118.00,428118,348328,122.91
2016-02-16,465500,386817,120.34,527248,378945,139.14
2016-02-17,446484,393739,113.40,241677,219261,110.22
2016-02-18,309694,250799,123.48,342012,270670,126.36
2016-02-19,224570,170645,131.60,410008,304423,134.68
2016-02-22,335244,300964,111.39,453687,351902,128.92
2016-02-23,255518,229807,111.19,494353,382971,129.08
2016-02-24,512859,456308,112.39,350552,301992,116.08
2016-02-25,301363,249340,120.86,437752,327223,133.78
2016-02-26,321108,255657,125.60,496050,364998,135.90
2016-03-01,412947,330591,124.91,561297,381226,147.23
2016-03-02,476694,416149,114.55,448818,314738,142.60
2016-03-03,309311,232811,132.86,526115,350636,150.05
2016-03-04,294221,214078,137.44,571902,373356,153.18
2016-03-07,316605,274288,115.43,616760,395567,155.92
2016-03-08,357051,300714,118.73,660571,423149,156.11
2016-03-09,364760,360433,101.20,521200,355432,146.64
2016-03-10,300653,229305,131.11,595835,377101,158.00
2016-03-11,370945,266226,139.33,646121,388794,166.19
2016-03-14,279024,271349,102.83,680634,411457,165.42
2016-03-15,448928,449850,99.80,679790,473651,143.52
2016-03-16,386926,401237,96.43,243805,184030,132.48
2016-03-17,335056,335943,99.74,321197,245730,130.71
2016-03-18,288344,224791,128.27,388223,275925,140.70
2016-03-21,274305,261038,105.08,426006,314450,135.48
2016-03-22,326929,348974,93.68,469382,357712,131.22
2016-03-23,412505,376373,109.60,333039,255757,130.22
2016-03-24,297338,291456,102.02,404943,314321,128.83
2016-03-25,244896,246990,99.15,448323,369533,121.32
2016-03-28,232736,239003,97.38,487665,420601,115.94
2016-03-29,384954,416375,92.45,496111,476784,104.05
2016-03-30,493184,466856,105.64,412229,324382,127.08
2016-03-31,334312,362958,92.11,485709,404372,120.11
2016-04-01,347511,344148,100.98,500757,454600,110.15
2016-04-06,492835,492600,100.05,421304,387592,108.70
2016-04-07,319173,333137,95.81,470944,444053,106.06
2016-04-08,353318,305022,115.83,534672,476719,112.16
2016-04-11,299010,277652,107.69,577205,507530,113.73
2016-04-12,395300,331574,119.22,613157,524465,116.91
2016-04-13,485089,433072,112.01,506934,401346,126.31
2016-04-14,286911,288226,99.54,557213,448160,124.33
2016-04-15,321122,270535,118.70,607392,463814,130.96
2016-04-18,220271,248208,88.74,635849,508011,125.16
2016-04-19,394487,421158,93.67,646062,544788,118.59
2016-04-20,630325,641712,98.23,259172,220464,117.56
2016-04-21,245152,233512,104.98,334055,272141,122.75
2016-04-22,272084,264928,102.70,381104,304726,125.06
2016-04-25,197315,177244,111.32,432572,337436,128.19
2016-04-26,346606,296175,117.03,487163,360257,135.23
2016-04-27,358084,370712,96.59,342960,273067,125.60
2016-04-28,370430,397141,93.27,386285,368338,104.87
2016-04-29,346451,381050,90.92,425198,444774,95.60
2016-05-03,297140,352009,84.41,438278,502097,87.29
2016-05-04,620930,557410,111.40,367120,407745,90.04
2016-05-05,303293,306143,99.07,416461,470056,88.60
2016-05-06,279224,283216,98.59,446061,512644,87.01
2016-05-09,243718,260189,93.67,466064,539734,86.35
2016-05-10,360926,376612,95.83,512309,568704,90.08
2016-05-11,488104,519262,94.00,398326,460447,86.51
2016-05-12,303636,246976,122.94,453701,505339,89.78
2016-05-13,393690,401420,98.07,474035,579086,81.86
2016-05-16,284663,246469,115.50,519476,597393,86.96
2016-05-17,371259,391070,94.93,561744,595996,94.25
2016-05-18,467110,511326,91.35,265393,217352,122.10
2016-05-19,289726,260537,111.20,350583,297365,117.90
2016-05-20,384777,302873,127.04,428706,331834,129.19
2016-05-23,607789,580298,104.74,531541,335338,158.51
2016-05-24,284336,265747,106.99,560253,381905,146.70
2016-05-25,513495,482324,106.46,381599,294942,129.38
2016-05-26,176602,148873,118.63,426701,323012,132.10
2016-05-27,264831,244987,108.10,485775,348525,139.38
2016-05-30,353940,327078,108.21,550203,373575,147.28
2016-05-31,340701,350955,97.08,593631,417331,142.24
2016-06-01,523951,484820,108.07,474194,322324,147.12
2016-06-02,295280,269855,109.42,537422,371758,144.56
2016-06-03,186155,146593,126.99,572891,396173,144.61
2016-06-04,108155,79248,136.48,588131,404754,145.31
2016-06-06,306023,282845,108.19,618290,428371,144.34
2016-06-07,390243,344916,113.14,686737,428945,160.10
2016-06-08,553470,516869,107.08,579660,344506,168.26
2016-06-13,404849,343482,117.87,597248,410739,145.41
2016-06-14,361267,283422,127.47,673529,434886,154.87
2016-06-15,478595,573480,83.45,204013,174663,116.80
2016-06-16,331653,320047,103.63,303513,269427,112.65
2016-06-17,272339,226533,120.22,363827,278892,130.45
2016-06-20,270691,263691,102.65,425226,302516,140.56
2016-06-21,276867,236599,117.02,473775,328469,144.24
2016-06-22,322525,346265,93.14,320878,240622,133.35
2016-06-23,172572,166450,103.68,397845,307817,129.25
2016-06-24,755677,674989,111.95,450335,410448,109.72
2016-06-27,326972,247361,132.18,522969,436476,119.82
2016-06-28,347221,274832,126.34,570386,452973,125.92
2016-06-29,440728,414527,106.32,405897,287071,141.39
2016-06-30,348597,256800,135.75,488431,329238,148.35
2016-07-01,342072,256693,133.26,549026,336833,163.00
2016-07-04,300592,232397,129.34,598485,357608,167.36
2016-07-05,234539,204274,114.82,626667,380701,164.61
2016-07-06,532601,495894,107.40,455499,331629,137.35
2016-07-07,218186,166100,131.36,511533,347826,147.07
2016-07-11,370223,303887,121.83,605197,353173,171.36
2016-07-12,288708,240612,119.99,676495,366309,184.68
2016-07-13,493888,451680,109.34,562833,334387,168.32
2016-07-14,231927,205540,112.84,615199,358723,171.50
2016-07-15,363707,329883,110.25,669380,358174,186.89
2016-07-18,307624,306065,100.51,716432,368910,194.20
2016-07-19,374855,355938,105.31,772881,421000,183.58
2016-07-20,504622,498251,101.28,244676,214958,113.83
2016-07-21,317205,335911,94.43,360695,318789,113.15
2016-07-22,251223,243333,103.24,414835,378815,109.51
2016-07-25,450443,480233,93.80,441122,448994,98.25
2016-07-26,337886,314283,107.51,504250,470041,107.28
2016-07-27,533688,511554,104.33,372799,339265,109.88
2016-07-28,252621,270686,93.33,454793,406317,111.93
2016-07-29,284862,314640,90.54,500162,465670,107.41
2016-08-01,321849,250694,128.38,557301,481092,115.84
2016-08-02,205178,204615,100.28,589768,512892,114.99
2016-08-03,450208,465502,96.71,439481,393617,111.65
2016-08-04,238191,263695,90.33,505547,461811,109.47
2016-08-05,320916,296450,108.25,562282,472750,118.94
2016-08-08,322256,286711,112.40,606842,497950,121.87
2016-08-09,255951,238555,107.29,651888,525846,123.97
2016-08-10,404359,390136,103.65,512614,404899,126.60
2016-08-11,362068,382802,94.58,583617,497596,117.29
2016-08-12,225331,223234,100.94,623461,506127,123.18
2016-08-15,203541,221160,92.03,653445,535175,122.10
2016-08-16,313198,411776,76.06,667175,573457,116.34
2016-08-17,329454,460323,71.57,262402,231599,113.30
2016-08-18,223792,196800,113.72,350486,301788,116.14
2016-08-19,374512,401997,93.16,404192,376799,107.27
2016-08-22,346894,375493,92.38,436507,439610,99.29
2016-08-23,314266,294613,106.67,487983,445737,109.48
2016-08-24,326300,322283,101.25,360879,302696,119.22
2016-08-25,338502,264133,128.16,451106,339406,132.91
2016-08-26,230316,212604,108.33,502380,378055,132.89
2016-08-29,352307,356699,98.77,527975,432369,122.11
2016-08-30,272372,261907,104.00,557156,457546,121.77
2016-08-31,440174,450037,97.81,418741,351502,119.13
2016-09-01,296447,302902,97.87,482530,419152,115.12
2016-09-02,207513,207627,99.95,519317,440746,117.83
2016-09-05,312136,239736,130.20,598102,433535,137.96
2016-09-06,377401,304996,123.74,661703,433652,152.59
2016-09-07,519982,548460,94.81,521005,348196,149.63
2016-09-08,204481,167184,122.31,577770,387632,149.05
2016-09-09,286938,328988,87.22,597030,463897,128.70
2016-09-10,378746,316365,119.72,598813,524041,114.27
2016-09-12,403487,355148,113.61,615018,576371,106.71
2016-09-13,504914,510926,98.82,640717,623051,102.84
2016-09-14,520502,450720,115.48,532099,444335,119.75
2016-09-19,522795,430398,121.47,650510,444686,146.29
2016-09-20,283573,265602,106.77,704241,470821,149.58
2016-09-21,410854,522159,78.68,262957,213595,123.11
2016-09-22,307518,273237,112.55,340676,276326,123.29
2016-09-23,255726,212638,120.26,398297,296337,134.41
2016-09-26,264185,264076,100.04,433870,347154,124.98
2016-09-29,513637,455054,112.87,359569,254206,141.45
2016-09-30,394433,296808,132.89,469028,330821,141.78
2016-10-03,289949,213254,135.96,545982,358662,152.23
2016-10-04,302729,235097,128.77,605815,372576,162.60
2016-10-05,306630,267441,114.65,404593,290706,139.18
2016-10-06,241748,190367,126.99,480012,346361,138.59
2016-10-07,174659,121401,143.87,538893,372926,144.50
2016-10-11,549313,469355,117.04,589461,427234,137.97
2016-10-12,470215,386307,121.72,472360,325192,145.26
2016-10-13,335618,286315,117.22,539814,408449,132.16
2016-10-14,253236,250703,101.01,560341,435933,128.54
2016-10-17,410087,427730,95.88,597386,500474,119.36
2016-10-18,341009,291860,116.84,640461,498124,128.57
2016-10-19,484158,482906,100.26,252165,213589,118.06
2016-10-20,287909,189894,151.62,375639,284269,132.14
2016-10-21,279742,177963,157.19,444907,314878,141.30
2016-10-24,237324,163479,145.17,488097,337091,144.80
2016-10-25,348336,275396,126.49,561132,353753,158.62
2016-10-26,355323,330567,107.49,358784,272396,131.71
2016-10-27,258426,250800,103.04,418922,333727,125.53
2016-10-28,207666,164255,126.43,460622,354668,129.87
2016-10-31,418881,349416,119.88,511809,387570,132.06
2016-11-01,314166,274674,114.38,548320,433915,126.37
2016-11-02,607562,583877,104.06,404043,358915,112.57
2016-11-03,246882,252844,97.64,442739,415071,106.67
2016-11-04,221433,199431,111.03,478763,450022,106.39
2016-11-07,303258,269525,112.52,546313,482710,113.18
2016-11-08,322294,297293,108.41,621997,519138,119.81
2016-11-09,1305238,1180263,110.59,432737,408996,105.80
2016-11-10,378202,375933,100.60,514614,454137,113.32
2016-11-11,474526,458693,103.45,516471,537939,96.01
2016-11-14,398741,454968,87.64,549912,605587,90.81
2016-11-15,325662,360720,90.28,593531,634998,93.47
2016-11-16,476183,475940,100.05,265429,228397,116.21
2016-11-17,221491,204671,108.22,343786,281316,122.21
2016-11-18,245348,201907,121.52,397276,310591,127.91
2016-11-21,196547,155221,126.62,439038,334201,131.37
2016-11-22,439591,371662,118.28,513942,348502,147.47
2016-11-23,361763,328886,110.00,377769,292737,129.05
2016-11-24,204680,168330,121.59,429837,331835,129.53
2016-11-25,209722,151943,138.03,471197,347548,135.58
2016-11-28,322440,232148,138.89,527090,370658,142.20
2016-11-29,263795,227528,115.94,552626,398748,138.59
2016-11-30,401694,377492,106.41,431307,325025,132.70
2016-12-01,244897,177379,138.06,493459,351173,140.52
2016-12-02,295987,261723,113.09,521861,406686,128.32
2016-12-05,244392,261652,93.40,561965,438646,128.11
2016-12-06,325964,257265,126.70,629121,433382,145.17
2016-12-07,370789,310592,119.38,493246,346124,142.51
2016-12-08,318640,273927,116.32,571834,363856,157.16
2016-12-09,218204,144639,150.86,628942,380160,165.44
2016-12-12,347570,291645,119.18,673049,416441,161.62
2016-12-13,193929,147428,131.54,700471,435714,160.76
2016-12-14,351759,331536,106.10,558227,365536,152.71
2016-12-15,278165,227430,122.31,619548,407411,152.07
2016-12-16,197720,192117,102.92,644655,432303,149.12
2016-12-19,268092,293549,91.33,669721,478276,140.03
2016-12-20,273729,294139,93.06,682371,521164,130.93
2016-12-21,321289,352581,91.12,201849,196278,102.84
2016-12-22,273573,301923,90.61,285834,295739,96.65
2016-12-23,247230,278517,88.77,327718,357717,91.61
2016-12-26,194781,191550,101.69,362738,392525,92.41
2016-12-27,139764,138112,101.20,387387,413007,93.80
2016-12-28,372366,376427,98.92,291794,262401,111.20
2016-12-29,225127,211111,106.64,371793,325606,114.18
2016-12-30,337086,326597,103.21,437615,370301,118.18
2017-01-03,264142,228532,115.58,470781,413192,113.94
2017-01-04,335800,301149,111.51,331447,291282,113.79
2017-01-05,340926,288545,118.15,416250,349175,119.21
2017-01-06,198660,161768,122.81,459535,381019,120.61
2017-01-09,283113,299496,94.53,497650,438043,113.61
2017-01-10,213337,188848,112.97,521955,462453,112.87
2017-01-11,408082,361319,112.94,390046,339510,114.88
2017-01-12,302386,320283,94.41,474769,400921,118.42
2017-01-13,215645,198767,108.49,524018,439515,119.23
2017-01-16,296435,319941,92.65,530729,507335,104.61
2017-01-17,269651,261073,103.29,597526,530838,112.56
2017-01-18,345198,401086,86.07,257229,224740,114.46
2017-01-19,259807,234732,110.68,349972,313480,111.64
2017-01-20,207160,135515,152.87,423061,334236,126.58
2017-01-23,281792,218471,128.98,486377,370226,131.37
2017-01-24,293693,228368,128.61,540445,407306,132.69
2017-02-02,569565,555017,102.62,392498,359163,109.28
2017-02-03,275090,229958,119.63,475439,411604,115.51
2017-02-06,450903,305578,147.56,596271,434346,137.28
2017-02-07,273972,201405,136.03,655722,454758,144.19
2017-02-08,446714,420944,106.12,497917,375701,132.53
2017-02-09,312874,254596,122.89,588878,412455,142.77
2017-02-10,463843,462284,100.34,685180,433512,158.05
2017-02-13,284674,223532,127.35,728458,450736,161.62
2017-02-14,416603,426344,97.72,784503,453523,172.98
2017-02-15,484171,536949,90.17,358400,260502,137.58
2017-02-16,348331,318693,109.30,461125,339765,135.72
2017-02-17,174584,142806,122.25,501395,364873,137.42
2017-02-18,119688,88157,135.77,528243,392161,134.70
2017-02-20,244623,265079,92.28,561770,435620,128.96
2017-02-21,300230,269887,111.24,597702,483500,123.62
2017-02-22,459486,420648,109.23,448115,346171,129.45
2017-02-23,262273,230226,113.92,533266,390412,136.59
2017-02-24,259814,210994,123.14,603194,434395,138.86
2017-03-01,451314,479325,94.16,490806,386314,127.05
2017-03-02,396832,423293,93.75,570234,465940,122.38
2017-03-03,280801,342368,82.02,606007,521339,116.24
2017-03-06,285905,247744,115.40,667768,555805,120.14
2017-03-07,313413,258689,121.15,709866,549254,129.24
2017-03-08,414983,454263,91.35,570286,426421,133.74
2017-03-09,343830,351061,97.94,624831,497118,125.69
2017-03-10,407268,425878,95.63,661587,545801,121.21
2017-03-13,311842,264939,117.70,709968,553115,128.36
2017-03-14,332151,333850,99.49,739913,535332,138.22
2017-03-15,394435,379845,103.84,291549,226299,128.83
2017-03-16,357246,267373,133.61,409071,283608,144.24
2017-03-17,271772,216102,125.76,467007,314089,148.69
2017-03-20,267162,244921,109.08,512071,342173,149.65
2017-03-21,389275,376359,103.43,577143,384322,150.17
2017-03-22,554852,549571,100.96,380884,305700,124.59
2017-03-23,278909,246693,113.06,455679,360197,126.51
2017-03-24,226713,209488,108.22,497236,387432,128.34
2017-03-27,308603,285801,107.98,561096,429109,130.76
2017-03-28,471614,493917,95.48,581236,487166,119.31
2017-03-29,488177,455137,107.26,440026,367658,119.68
2017-03-30,244627,183150,133.57,524345,403432,129.97
2017-03-31,248470,228308,108.83,571557,450704,126.81
2017-04-05,495292,460715,107.51,483509,390841,123.71
2017-04-06,302982,231888,130.66,571996,438740,130.37
2017-04-07,553659,509023,108.77,611436,501690,121.88
2017-04-10,230961,197067,117.20,649705,516816,125.71
2017-04-11,390879,391994,99.72,678133,559562,121.19
2017-04-12,445548,419045,106.32,533141,438039,121.71
2017-04-13,369059,311318,118.55,616975,482423,127.89
2017-04-14,514021,458096,112.21,655529,552071,118.74
2017-04-17,377970,391170,96.63,678979,599019,113.35
2017-04-18,294757,304740,96.72,711262,634218,112.15
2017-04-19,554025,533791,103.79,320665,280690,114.24
2017-04-20,268893,254231,105.77,403049,351701,114.60
2017-04-21,332458,251242,132.33,502029,384302,130.63
2017-04-24,363499,301715,120.48,536950,416829,128.82
2017-04-25,494967,421007,117.57,638363,409907,155.73
2017-04-26,537801,551477,97.52,441852,341100,129.54
2017-04-27,255588,191803,133.26,529829,384675,137.73
2017-04-28,278079,243679,114.12,593091,415192,142.85
2017-05-02,365012,315455,115.71,668142,420942,158.73
2017-05-03,359674,328216,109.58,526296,362939,145.01
2017-05-04,232340,189513,122.60,597214,414328,144.14
2017-05-05,312841,283636,110.30,654339,476657,137.28
2017-05-08,283851,267046,106.29,696824,509208,136.84
2017-05-09,506508,544149,93.08,745904,550970,135.38
2017-05-10,408192,407781,100.10,605731,440005,137.66
2017-05-11,369801,306398,120.69,690998,487103,141.86
2017-05-12,219083,175223,125.03,726804,518633,140.14
2017-05-15,274653,229921,119.46,763378,533460,143.10
2017-05-16,258902,251097,103.11,788439,553453,142.46
2017-05-17,413922,405064,102.19,332846,294021,113.20
2017-05-18,370311,278792,132.83,448547,365962,122.57
2017-05-19,211204,150189,140.63,512012,405389,126.30
2017-05-22,235857,173756,135.74,559751,432614,129.39
2017-05-23,279747,234597,119.25,608536,456073,133.43
2017-05-24,288532,284732,101.33,453294,377185,120.18
2017-05-25,364367,288401,126.34,569638,431259,132.09
2017-05-26,307818,254510,120.95,640966,484735,132.23
2017-05-31,326946,322737,101.30,515402,421118,122.39
2017-06-01,220860,195637,112.89,587338,474198,123.86
2017-06-02,276491,225859,122.42,642115,487249,131.78
2017-06-03,149415,113632,131.49,665306,497831,133.64
2017-06-05,338939,286272,118.40,730947,496518,147.21
2017-06-06,199725,161817,123.43,750720,501877,149.58
2017-06-07,417740,422027,98.98,595228,438975,135.59
2017-06-08,196755,166148,118.42,651209,477319,136.43
2017-06-09,274008,241032,113.68,693208,497145,139.44
2017-06-12,404209,398075,101.54,731660,598182,122.31
2017-06-13,284073,280049,101.44,768189,637901,120.42
2017-06-14,791692,690550,114.65,640578,537835,119.10
2017-06-15,334249,283354,117.96,690590,596127,115.85
2017-06-16,428450,363560,117.85,762612,575608,132.49
2017-06-19,420492,407064,103.30,822369,568916,144.55
2017-06-20,557547,665147,83.82,879535,537297,163.70
2017-06-21,628946,724252,86.84,324109,267077,121.35
2017-06-22,367705,283356,129.77,433986,326331,132.99
2017-06-23,252808,214911,117.63,503265,364199,138.18
2017-06-26,656155,676893,96.94,631871,406090,155.60
2017-06-27,377739,409614,92.22,667964,470087,142.09
2017-06-28,735074,690566,106.45,428520,374372,114.46
2017-06-29,365105,349164,104.57,526504,448334,117.44
2017-06-30,384559,351484,109.41,582865,515938,112.97
2017-07-03,315375,285503,110.46,623710,554994,112.38
2017-07-04,441115,450475,97.92,650464,606014,107.33
2017-07-05,693506,701238,98.90,513210,424510,120.89
2017-07-06,312733,334216,93.57,587646,505833,116.17
2017-07-07,342975,330896,103.65,616008,559221,110.15
2017-07-10,341734,323059,105.78,665710,608745,109.36
2017-07-11,539358,479340,112.52,759469,603698,125.80
2017-07-12,557214,542906,102.64,559073,451892,123.72
2017-07-13,463041,443632,104.38,666865,506439,131.68
2017-07-14,240569,216595,111.07,711911,542707,131.18
2017-07-17,375476,356205,105.41,768274,572029,134.31
2017-07-18,293899,263489,111.54,809761,592723,136.62
2017-07-19,704959,637591,110.57,319783,246694,129.63
2017-07-20,274287,213659,128.38,429193,313229,137.02
2017-07-21,264186,270045,97.83,480542,379127,126.75
2017-07-24,342465,293320,116.75,542412,424853,127.67
2017-07-25,288386,271426,106.25,571866,456931,125.15
2017-07-26,564785,510655,110.60,410931,334776,122.75
2017-07-27,439430,356361,123.31,542837,389523,139.36
2017-07-28,432463,372973,115.95,575573,465132,123.74
2017-07-31,364422,353854,102.99,625476,523145,119.56
2017-08-01,421470,379702,111.00,677319,523176,129.46
2017-08-02,547619,572669,95.63,507621,376365,134.87
2017-08-03,441678,354845,124.47,610180,475793,128.24
2017-08-04,257431,215691,119.35,674927,507349,133.03
2017-08-07,399212,341696,116.83,761890,497018,153.29
2017-08-08,430753,409392,105.22,804819,546743,147.20
2017-08-09,660232,647674,101.94,610983,480094,127.26
2017-08-10,666426,624109,106.78,717231,610423,117.50
2017-08-11,555690,487529,113.98,786287,657716,119.55
2017-08-14,479758,513447,93.44,813324,701436,115.95
2017-08-15,483234,448954,107.64,864541,713844,121.11
2017-08-16,833299,673356,123.75,427338,278646,153.36
2017-08-17,413750,268630,154.02,577660,352247,163.99
2017-08-18,405820,335511,120.96,640682,419219,152.83
2017-08-21,296785,258100,114.99,697901,449466,155.27
2017-08-22,410068,306455,133.81,780372,449357,173.66
2017-08-23,655590,530908,123.48,572890,357447,160.27
2017-08-24,411247,278597,147.61,704132,395523,178.03
2017-08-25,419161,321205,130.50,790698,424088,186.45
2017-08-28,297149,260950,113.87,832811,456201,182.55
2017-08-29,379330,316591,119.82,857148,491526,174.39
2017-08-30,623993,578149,107.93,668373,399022,167.50
2017-08-31,308847,264751,116.66,755773,441312,171.26
2017-09-01,286682,224197,127.87,815342,458548,177.81
2017-09-04,274408,209384,131.05,848322,480884,176.41
2017-09-05,318243,257403,123.64,877724,500418,175.40
2017-09-06,650839,601314,108.24,752762,439302,171.35
2017-09-07,347900,318977,109.07,842547,520945,161.73
2017-09-08,395314,267618,147.72,932044,533930,174.56
2017-09-11,457897,390181,117.36,972755,562410,172.96
2017-09-12,422986,301786,140.16,1034314,574504,180.04
2017-09-13,605479,542932,111.52,844033,484320,174.27
2017-09-14,284341,236251,120.36,908874,530680,171.27
2017-09-15,328338,342591,95.84,948894,583659,162.58
2017-09-18,435147,376484,115.58,1025345,583160,175.83
2017-09-19,450273,407032,110.62,1063512,632024,168.27
2017-09-20,818476,689856,118.64,467013,248075,188.25
2017-09-21,362775,304521,119.13,566552,326632,173.45
2017-09-22,492207,436602,112.74,620286,415964,149.12
2017-09-25,587755,595862,98.64,666204,529018,125.93
2017-09-26,613971,569412,107.83,704964,612842,115.03
2017-09-27,627526,582571,107.72,571022,394368,144.79
2017-09-28,329455,342888,96.08,641141,480377,133.47
2017-09-29,284417,291725,97.49,676774,532833,127.01
2017-09-30,249887,187915,132.98,711652,533509,133.39
2017-10-02,403832,322742,125.13,772084,541759,142.51
2017-10-03,375910,298216,126.05,827414,566631,146.02
2017-10-05,482482,458396,105.25,638431,436625,146.22
2017-10-06,335920,288606,116.39,729937,487183,149.83
2017-10-11,746850,738051,101.19,713517,444459,160.54
2017-10-12,378911,319212,118.70,799905,463167,172.70
2017-10-13,283542,226039,125.44,858744,480078,178.88
2017-10-16,380226,368336,103.23,921180,489651,188.13
2017-10-17,342398,360544,94.97,940829,531407,177.04
2017-10-18,665512,665486,100.00,463416,270426,171.37
2017-10-19,371265,282344,131.49,590887,337382,175.14
2017-10-20,422504,289089,146.15,661487,388882,170.10
2017-10-23,346921,273265,126.95,710239,418876,169.56
2017-10-24,288450,238826,120.78,757063,443322,170.77
2017-10-25,499436,422025,118.34,579516,334810,173.09
2017-10-26,295563,222339,132.93,670719,385055,174.19
2017-10-27,457766,371547,123.21,744693,441653,168.61
2017-10-30,489454,435923,112.28,824081,474852,173.54
2017-10-31,448233,339799,131.91,901156,491852,183.22
2017-11-01,522417,465649,112.19,708485,391050,181.18
2017-11-02,298249,264571,112.73,781868,445277,175.59
2017-11-03,276767,229458,120.62,834221,477578,174.68
2017-11-06,355602,306936,115.86,891469,507202,175.76
2017-11-07,391630,299779,130.64,957890,521521,183.67
2017-11-08,388966,327067,118.93,792528,436382,181.61
2017-11-09,429691,405133,106.06,857922,514196,166.85
2017-11-10,426381,365216,116.75,909497,563543,161.39
2017-11-13,275999,261020,105.74,950681,601756,157.98
2017-11-14,409745,397786,103.01,967783,653876,148.01
2017-11-15,610672,566859,107.73,513034,300649,170.64
2017-11-16,337443,281481,119.88,628804,385429,163.14
2017-11-17,405774,315314,128.69,735844,417607,176.20
2017-11-20,300949,279942,107.50,775248,461568,167.96
2017-11-21,532955,409185,130.25,878601,458987,191.42
2017-11-22,757297,731154,103.58,672318,413509,162.59
2017-11-23,248719,201155,123.65,746733,458680,162.80
2017-11-24,195506,136104,143.64,788174,480230,164.12
2017-11-27,403884,421116,95.91,823945,559302,147.32
2017-11-28,460482,417999,110.16,846681,626860,135.07
2017-11-29,525250,433283,121.23,741541,474357,156.33
2017-11-30,559291,522912,106.96,830938,604819,137.39
2017-12-01,724563,648189,111.78,906093,659902,137.31
2017-12-04,555811,451908,122.99,949687,689387,137.76
2017-12-05,491974,471405,104.36,962570,732253,131.45
2017-12-06,1052548,964510,109.13,783723,594554,131.82
2017-12-07,612603,532414,115.06,865038,685622,126.17
2017-12-08,459502,412993,111.26,929486,738396,125.88
2017-12-11,469483,395041,118.84,988330,743027,133.01
2017-12-12,424860,453617,93.66,1008330,796025,126.67
2017-12-13,573849,489303,117.28,869101,619999,140.18
2017-12-14,462779,415834,111.29,950416,654853,145.13
2017-12-15,471332,458860,102.72,975752,722442,135.06
2017-12-18,364068,346515,105.07,1019017,743086,137.13
2017-12-19,432969,427443,101.29,1039022,797192,130.34
2017-12-20,680604,540384,125.95,394236,251101,157.00
2017-12-21,340135,292198,116.41,511192,331403,154.25
2017-12-22,273414,225236,121.39,585045,372325,157.13
2017-12-25,253249,196555,128.84,651303,402663,161.75
2017-12-26,498611,469114,106.29,660980,493235,134.01
2017-12-27,564076,508055,111.03,532795,337793,157.73
2017-12-28,457735,366306,124.96,664857,399615,166.37
2017-12-29,456512,385531,118.41,766831,425079,180.40
2018-01-02,464670,341765,135.96,866600,446284,194.18
2018-01-03,645072,627576,102.79,684187,372008,183.92
2018-01-04,386841,358822,107.81,790539,442672,178.58
2018-01-05,395176,338670,116.68,865538,468541,184.73
2018-01-08,351208,331180,106.05,924687,502495,184.02
2018-01-09,376391,325132,115.77,968742,529425,182.98
2018-01-10,668874,575388,116.25,762061,416027,183.18
2018-01-11,438343,319618,137.15,846698,481337,175.91
2018-01-12,422541,353472,119.54,925201,481531,192.14
2018-01-15,421316,389148,108.27,986125,500524,197.02
2018-01-16,335238,343504,97.59,1014749,503266,201.63
2018-01-17,681167,678752,100.36,412790,267839,154.12
2018-01-18,554821,549244,101.02,566515,361748,156.60
2018-01-19,374875,296512,126.43,652943,399724,163.35
2018-01-22,550878,510506,107.91,750307,430295,174.37
2018-01-23,523009,546656,95.67,822109,482704,170.31
2018-01-24,740034,709142,104.36,569312,349124,163.07
2018-01-25,564609,482998,116.90,697731,419733,166.23
2018-01-26,441008,428799,102.85,756264,477114,158.51
2018-01-29,399368,418960,95.32,815257,546267,149.24
2018-01-30,571714,561697,101.78,837739,613935,136.45
2018-01-31,844089,769435,109.70,686129,392759,174.69
2018-02-01,385994,297777,129.63,790308,441816,178.88
2018-02-02,443349,409461,108.28,843537,502078,168.01
2018-02-05,771693,618840,124.70,860170,581797,147.85
2018-02-06,1258494,950447,132.41,662031,633224,104.55
2018-02-07,949138,995649,95.33,556090,392927,141.53
2018-02-08,256230,248442,103.13,597536,437609,136.55
2018-02-09,443831,423426,104.82,626576,478898,130.84
2018-02-12,395745,367055,107.82,689540,533112,129.34
2018-02-21,577730,565464,102.17,350590,235651,148.78
2018-02-22,208554,224755,92.79,398538,301049,132.38
2018-02-23,319170,305690,104.41,464371,327113,141.96
2018-02-26,271380,317442,85.49,494494,365289,135.37
2018-02-27,339566,333859,101.71,531295,389648,136.35
2018-03-01,664110,586813,113.17,439641,299479,146.80
2018-03-02,324779,335649,96.76,479424,359764,133.26
2018-03-05,414829,388871,106.68,520695,407961,127.63
2018-03-06,446353,369370,120.84,572143,418908,136.58
2018-03-07,697704,597874,116.70,491293,339064,144.90
2018-03-08,308945,215394,143.43,561182,375364,149.50
2018-03-09,286582,248145,115.49,584560,400575,145.93
2018-03-12,439901,345899,127.18,676640,412483,164.04
2018-03-13,430207,349807,122.98,719379,414028,173.75
2018-03-14,572829,513294,111.60,558283,338259,165.05
2018-03-15,249635,221861,112.52,599126,371808,161.14
2018-03-16,328575,367703,89.36,621828,401247,154.97
2018-03-19,273557,257593,106.20,657275,412043,159.52
2018-03-20,337408,277134,121.75,673259,436947,154.08
2018-03-21,483411,488286,99.00,259250,171475,151.19
2018-03-22,378292,339377,111.47,348863,252893,137.95
2018-03-23,499368,401361,124.42,404137,334074,120.97
2018-03-26,432622,310269,139.43,456241,360054,126.71
2018-03-27,534792,417028,128.24,509835,360620,141.38
2018-03-28,601466,535328,112.35,369416,249269,148.20
2018-03-29,252730,240814,104.95,423465,291781,145.13
2018-03-30,265677,212343,125.12,464070,309972,149.71
2018-03-31,83439,101456,82.24,475306,323425,146.96
