2014-01-02,4462792827,92115396580,910452,8612.54,1.03
2014-01-03,4406184851,93481463412,936152,8546.54,-66.00
2014-01-06,4556810541,96095770858,960723,8500.01,-46.53
2014-01-07,4489316946,97181535416,951094,8512.30,12.29
2014-01-08,5447851596,117221976646,1117566,8556.01,43.71
2014-01-09,6277065462,135377950446,1273329,8514.68,-41.33
2014-01-10,4771243707,100738211071,962702,8529.35,14.67
2014-01-13,4633450841,94243737875,938292,8566.20,36.85
2014-01-14,4247023670,83923064984,848873,8548.14,-18.06
2014-01-15,5319587288,117234122223,1018135,8602.55,54.41
2014-01-16,5077337947,109194181184,1016690,8612.11,9.56
2014-01-17,4520607851,106897672756,868037,8596.00,-16.11
2014-01-20,4366334148,97398333476,899847,8621.56,25.56
2014-01-21,4815020744,106892617876,947496,8599.90,-21.66
2014-01-22,4236741166,92716105980,860681,8625.30,25.40
2014-01-23,4026745869,88670076002,838436,8595.10,-30.20
2014-01-24,3568470362,83743644473,763040,8598.31,3.21
2014-01-27,4003706710,100416758751,921393,8462.57,-135.74
2014-02-05,4841976045,135802903004,1190962,8264.48,-198.09
2014-02-06,4387575958,104384468971,998868,8311.01,46.53
2014-02-07,4348437885,97634192637,970808,8387.35,76.34
2014-02-10,3970822789,79905995830,826541,8391.95,4.60
2014-02-11,3914312163,80594553835,782841,8430.56,38.61
2014-02-12,4674053480,97458753568,916499,8510.87,80.31
2014-02-13,4053166036,76687622990,773334,8467.70,-43.17
2014-02-14,4320602347,90874517389,898979,8513.68,45.98
2014-02-17,3686837384,73226256238,740705,8519.55,5.87
2014-02-18,3733814444,73462690081,752994,8556.23,36.68
2014-02-19,4186950071,86599783740,879961,8577.01,20.78
2014-02-20,4589537803,95992736750,944186,8524.62,-52.39
2014-02-21,4700308126,94874122007,926531,8601.86,77.24
2014-02-24,4508539839,86206509231,862102,8560.61,-41.25
2014-02-25,4437477089,92062775599,878449,8575.62,15.01
2014-02-26,4960946789,104799555509,980319,8600.86,25.24
2014-02-27,4544427456,103620620227,912773,8639.58,38.72
2014-03-03,4380579514,101581908317,939333,8601.98,-37.60
2014-03-04,4208364875,92214779758,905315,8554.54,-47.44
2014-03-05,4487916315,104272509653,948230,8632.93,78.39
2014-03-06,5162262113,119654202018,1056581,8713.79,80.86
2014-03-07,5627630997,131025384827,1157993,8713.96,0.17
2014-03-10,3996416805,87395084929,819842,8665.24,-48.72
2014-03-11,4193335663,88207897999,860336,8702.33,37.09
2014-03-12,4289833498,84701103111,849293,8684.73,-17.60
2014-03-13,4981956101,114111360452,1000024,8747.79,63.06
2014-03-14,4167290223,91959511599,869857,8687.63,-60.16
2014-03-17,4133190944,86311554973,837318,8700.10,12.47
2014-03-18,4636802848,99658154125,927074,8731.94,31.84
2014-03-19,4727772482,101056518739,923395,8689.46,-42.48
2014-03-20,4478617817,94359399132,907336,8597.33,-92.13
2014-03-21,4411770194,95595390979,819136,8577.17,-20.16
2014-03-24,3914766709,79833700899,776062,8605.38,28.21
2014-03-25,4103750597,83783594727,796095,8689.30,83.92
2014-03-26,4653433331,93659737363,889489,8737.27,47.97
2014-03-27,4746817429,99920732415,911289,8779.57,42.30
2014-03-28,4582915112,100607158149,915068,8774.64,-4.93
2014-03-31,4079089584,87954816282,783043,8849.28,74.64
2014-04-01,4607052896,91279429455,848323,8873.15,23.87
2014-04-02,5131398638,106911147260,949076,8905.45,32.30
2014-04-03,4817592891,98852883993,932825,8888.54,-16.91
2014-04-07,4514514537,95413006047,870392,8876.44,-12.10
2014-04-08,4502406930,95275152286,825246,8888.25,11.81
2014-04-09,4660927421,92807229272,888681,8930.57,42.32
2014-04-10,5357312931,108677744817,1009687,8948.10,17.53
2014-04-11,4617852385,97132645256,920681,8908.05,-40.05
2014-04-14,3831079928,78707819292,757411,8857.42,-50.63
2014-04-15,4431826264,90435230601,806348,8916.71,59.29
2014-04-16,4638032795,94898346561,896077,8923.82,7.11
2014-04-17,4916167851,95942781146,889410,8944.16,20.34
2014-04-18,4031283534,71049575577,707969,8966.66,22.50
2014-04-21,3872742985,67124929665,679797,8951.19,-15.47
2014-04-22,4766759708,88192880404,822023,8974.71,23.52
2014-04-23,5405089540,105718330476,976908,8956.92,-17.79
2014-04-24,4951922338,96147310488,906677,8945.45,-11.47
2014-04-25,6357271423,134880899793,1197642,8774.12,-171.33
2014-04-28,4910988041,98430516020,886946,8809.71,35.59
2014-04-29,4719245735,93090656083,807332,8872.11,62.40
2014-04-30,4980417785,110640381511,880114,8791.44,-80.67
2014-05-02,4442476718,98469814057,811529,8867.32,75.88
2014-05-05,4668596837,94144749579,782040,8870.43,3.11
2014-05-06,5198268910,101398097519,879528,8912.39,41.96
2014-05-07,5025079398,100537783844,888972,8893.22,-19.17
2014-05-08,5038369634,101235342027,920449,8930.90,37.68
2014-05-09,4821345136,94876652420,892943,8889.69,-41.21
2014-05-12,4317054663,84877312563,763253,8808.61,-81.08
2014-05-13,4548206919,88966512813,842529,8817.94,9.33
2014-05-14,4486473462,87378826886,816569,8875.16,57.22
2014-05-15,3966012173,72472356001,698319,8880.65,5.49
2014-05-16,3984610339,76841942573,711510,8888.45,7.80
2014-05-19,4044843857,74978030566,658159,8899.90,11.45
2014-05-20,4099695323,79504061452,683633,8887.79,-12.11
2014-05-21,3775280471,68577420501,667458,8862.42,-25.37
2014-05-22,4527962179,87463757827,803383,8969.63,107.21
2014-05-23,4838914556,97444631624,849015,9008.22,38.59
2014-05-26,4600514746,87209681363,818174,9036.12,27.90
2014-05-27,4438750946,83471397665,775211,9055.29,19.17
2014-05-28,5194553851,102859394897,917288,9121.71,66.42
2014-05-29,5105447828,103715112102,879995,9109.00,-12.71
2014-05-30,5857533783,136800476860,949139,9075.91,-33.09
2014-06-03,4762101548,102969628088,875480,9123.46,47.55
2014-06-04,5287757880,99550246888,905897,9119.96,-3.50
2014-06-05,5628569067,112567829201,988587,9140.72,20.76
2014-06-06,5619838960,113339023533,998171,9134.46,-6.26
2014-06-09,5151728625,101852758881,886585,9162.74,28.28
2014-06-10,5209580350,104150195965,930562,9222.37,59.63
2014-06-11,5112244961,101778562628,925090,9229.80,7.43
2014-06-12,5322398114,100950249225,956939,9204.65,-25.15
2014-06-13,4643188076,92140265795,861567,9196.39,-8.26
2014-06-16,4792106525,97539019979,845461,9202.93,6.54
2014-06-17,5062240697,102127205757,916751,9240.60,37.67
2014-06-18,6007971726,130607568864,1181697,9279.93,39.33
2014-06-19,4841052113,97848728710,821726,9316.81,36.88
2014-06-20,4586760315,97693846277,782797,9273.79,-43.02
2014-06-23,5358398855,113055437192,992913,9228.35,-45.44
2014-06-24,4462633728,91152495496,776442,9246.20,17.85
2014-06-25,4528501538,87313050534,773201,9242.16,-4.04
2014-06-26,5452723565,98471286932,900166,9320.94,78.78
2014-06-27,4717360894,95148292567,789903,9306.83,-14.11
2014-06-30,5117717846,103042091194,842430,9393.07,86.24
2014-07-01,6051789506,115473264845,989958,9441.92,48.85
2014-07-02,7812593115,153792277867,1250911,9484.96,43.04
2014-07-03,6330502291,121898808427,970642,9526.23,41.27
2014-07-04,6094825781,118191559204,993056,9510.05,-16.18
2014-07-07,6054387228,111394304099,912959,9520.20,10.15
2014-07-08,5876461422,102506552507,903947,9530.98,10.78
2014-07-09,5606397682,102520936893,890207,9489.98,-41.00
2014-07-10,6793776039,141179376788,1057442,9565.12,75.14
2014-07-11,6751259072,134613211371,1171166,9495.84,-69.28
2014-07-14,5827394248,112185087804,916714,9520.30,24.46
2014-07-15,6057222861,115183478755,952879,9569.17,48.87
2014-07-16,6302070654,117111866092,1017236,9484.73,-84.44
2014-07-17,6543813139,127983000511,1028541,9408.24,-76.49
2014-07-18,5433411119,102700113226,854695,9400.97,-7.27
2014-07-21,4967974576,92121126725,793753,9440.97,40.00
2014-07-22,5241712651,98396077582,849297,9499.36,58.39
2014-07-24,6100095427,120766980828,967237,9527.54,28.18
2014-07-25,5865850915,108131916766,940586,9439.29,-88.25
2014-07-28,5889752834,110243584381,942014,9420.18,-19.11
2014-07-29,7484381823,134584829040,1228195,9391.88,-28.30
2014-07-30,6195045121,106661216426,931551,9447.02,55.14
2014-07-31,6057370054,106616070715,880112,9315.85,-131.17
2014-08-01,5955410437,103884640476,862571,9266.51,-49.34
2014-08-04,5324203289,90657362085,796371,9330.19,63.68
2014-08-05,6143560812,109308144828,950718,9141.44,-188.75
2014-08-06,6519699737,109043215816,963480,9143.97,2.53
2014-08-07,5287334461,84469951861,747614,9131.44,-12.53
2014-08-08,5268324935,88889551163,797591,9085.96,-45.48
2014-08-11,5164710114,84908793043,730792,9172.91,86.95
2014-08-12,5326813251,88935657676,780781,9163.12,-9.79
2014-08-13,5314634929,86469671094,800992,9231.31,68.19
2014-08-14,5479696756,91431684494,840458,9230.61,-0.70
2014-08-15,4733325206,75044101149,708196,9206.81,-23.80
2014-08-18,4711582242,74218726157,737956,9141.31,-65.50
2014-08-19,5516771123,90070711367,791894,9243.78,102.47
2014-08-20,5335290938,90879015650,841289,9288.05,44.27
2014-08-21,5082831905,82751874940,771324,9253.38,-34.67
2014-08-22,5654010017,104530038753,941790,9380.10,126.72
2014-08-25,4904478521,78042615324,784840,9390.62,10.52
2014-08-26,5307382588,93952767558,818095,9393.96,3.34
2014-08-27,6436920250,116832284775,1065282,9485.59,91.63
2014-08-28,6401169322,102287571631,899790,9478.37,-7.22
2014-08-29,5227658257,90212662286,790117,9436.27,-42.10
2014-09-01,5171496552,88579821445,796000,9513.06,76.79
2014-09-02,5498915476,89442668046,828408,9399.72,-113.34
2014-09-03,5333115571,89285968316,787890,9450.35,50.63
2014-09-04,4648234472,74875311676,700361,9428.89,-21.46
2014-09-05,4286784006,73632328997,650002,9407.94,-20.95
2014-09-09,4431791410,79759708782,698952,9434.77,26.83
2014-09-10,4787466810,78731119090,744314,9357.61,-77.16
2014-09-11,4558951480,72632818520,708118,9322.95,-34.66
2014-09-12,5096883454,81328099040,734376,9223.18,-99.77
2014-09-15,4196418019,66977594266,629668,9217.46,-5.72
2014-09-16,4692151585,69413584839,666342,9133.40,-84.06
2014-09-17,5109496556,82189780962,830107,9195.17,61.77
2014-09-18,4366794038,69997859458,661241,9237.03,41.86
2014-09-19,4525669609,80552037039,684393,9240.45,3.42
2014-09-22,4629288675,79055692908,736914,9134.65,-105.80
2014-09-23,4934030460,83575591283,672519,9084.90,-49.75
2014-09-24,4982650538,80049271798,695929,9098.49,13.59
2014-09-25,5684972801,92680251587,822695,9011.59,-86.90
2014-09-26,5041065363,85543865408,701337,8989.82,-21.77
2014-09-29,4446051375,83837609505,666510,8960.76,-29.06
2014-09-30,6193566261,103017795892,900500,8966.92,6.16
2014-10-01,5127144646,79131756304,718686,8990.26,23.34
2014-10-02,4898848303,76288246144,740692,8975.19,-15.07
2014-10-03,5162135351,82893678627,747401,9106.28,131.09
2014-10-06,4640657807,80278731881,698068,9095.14,-11.14
2014-10-07,4557083633,75752723153,705120,9040.81,-54.33
2014-10-08,4567862715,74408496298,659181,8955.18,-85.63
2014-10-09,4861748983,85354410006,745335,8966.44,11.26
2014-10-13,5726697023,102724883907,897634,8711.39,-255.05
2014-10-14,4652183097,74418281542,699832,8768.39,57.00
2014-10-15,6005060623,106443208162,924229,8655.51,-112.88
2014-10-16,6698123047,108248624056,1004584,8633.69,-21.82
2014-10-17,6652488562,123711895980,1012031,8512.88,-120.81
2014-10-20,5013329208,78717615381,764870,8663.14,150.26
2014-10-21,4341868278,64351072656,638037,8654.64,-8.50
2014-10-22,5432111982,82817004818,758982,8748.83,94.19
2014-10-23,4633009422,62495213379,606462,8731.07,-17.76
2014-10-24,4374970829,67802333783,664424,8646.01,-85.06
2014-10-27,4301205022,67140138545,659938,8627.78,-18.23
2014-10-28,5370693841,85914477351,796134,8773.55,145.77
2014-10-29,6104013163,95821742817,849628,8903.68,130.13
2014-10-30,5441824954,81677194497,714534,8888.07,-15.61
2014-10-31,5582825319,86809244881,743692,8974.76,86.69
2014-11-03,5773707055,90568345734,841578,9004.86,30.10
2014-11-04,5192642440,75729149369,701821,8989.18,-15.68
2014-11-05,4967487969,70914588913,666384,8962.60,-26.58
2014-11-06,5209449351,73146677691,674975,8891.02,-71.58
2014-11-07,4962152289,68784946043,607589,8912.62,21.60
2014-11-10,5663032652,85922295692,748493,9049.98,137.36
2014-11-11,5502241947,77414573896,701933,9034.14,-15.84
2014-11-12,5424889807,78739405856,726107,8918.95,-115.19
2014-11-13,4985468017,70199451958,623304,8980.67,61.72
2014-11-14,4844187009,74958310897,653197,8982.88,2.21
2014-11-17,4840817666,74018579387,699316,8884.39,-98.49
2014-11-18,5326764357,79528327904,766077,8859.07,-25.32
2014-11-19,5519350213,93503336859,737600,8963.24,104.17
2014-11-20,5864029173,92422606806,780482,9078.87,115.63
2014-11-21,4886182162,79675660734,702475,9091.53,12.66
2014-11-24,4655961899,76610680349,693863,9122.33,30.80
2014-11-25,4948629642,88932595379,692344,9116.24,-6.09
2014-11-26,4991899670,75508498867,662404,9122.39,6.15
2014-11-27,5400688686,83723879119,694157,9165.31,42.92
2014-11-28,4432053616,71393668753,638505,9187.15,21.84
2014-12-01,5326844948,90109350848,778169,9117.71,-69.44
2014-12-02,5735000868,98022195789,878386,9034.79,-82.92
2014-12-03,6881013098,115882833198,1012469,9175.26,140.47
2014-12-04,6669075646,104549595764,934271,9225.11,49.85
2014-12-05,5994963162,99701172658,894802,9206.57,-18.54
2014-12-08,5494254256,92575845175,837558,9187.29,-19.28
2014-12-09,5373019925,87965860278,776684,9128.90,-58.39
2014-12-10,5897698926,92610488789,869493,9032.16,-96.74
2014-12-11,5320109967,81253769200,701444,9013.07,-19.09
2014-12-12,4733158431,77597577265,705454,9027.33,14.26
2014-12-15,4400221515,77228331220,688922,8985.63,-41.70
2014-12-16,5054853669,87561591916,837314,8950.91,-34.72
2014-12-17,5997169149,109763896710,975032,8828.36,-122.55
2014-12-18,5439448706,89833007593,827788,8878.63,50.27
2014-12-19,6501121104,110294215642,944614,8999.52,120.89
2014-12-22,5598240004,81024727460,741667,9095.00,95.48
2014-12-23,5028914953,70416090117,700454,9097.71,2.71
2014-12-24,5943071243,84370592729,871853,9186.18,88.47
2014-12-25,4364007985,55831492318,630380,9158.70,-27.48
2014-12-26,3968724081,57081913648,618491,9214.07,55.37
2014-12-27,3132975195,39334798561,464651,9218.50,4.43
2014-12-29,4867306083,82762833981,800421,9286.28,67.78
2014-12-30,4315769777,72144150558,698155,9268.43,-17.85
2014-12-31,3476527952,60510726880,579279,9307.26,38.83
2015-01-05,4852267931,81345264521,802192,9274.11,-33.15
2015-01-06,6230285882,111238928993,1082172,9048.34,-225.77
2015-01-07,5479103670,96820252412,889813,9080.09,31.75
2015-01-08,6379855072,108488344495,955871,9238.03,157.94
2015-01-09,5433889277,98908302091,886883,9215.58,-22.45
2015-01-12,4986250431,84290218313,833588,9178.30,-37.28
2015-01-13,5392992629,92735480531,880017,9231.80,53.50
2015-01-14,5384948484,93381279415,877450,9180.23,-51.57
2015-01-15,5382422320,89523584685,843514,9165.09,-15.14
2015-01-16,6012829911,115876618392,1022153,9138.29,-26.80
2015-01-19,5182409108,89551554637,824574,9174.06,35.77
2015-01-20,5309477241,87021886541,792590,9251.69,77.63
2015-01-21,5645662766,100206964939,872024,9319.71,68.02
2015-01-22,5782452728,99005013654,925022,9369.51,49.80
2015-01-23,6246155897,119899955949,993663,9470.94,101.43
2015-01-26,4902892545,90717232968,772144,9477.67,6.73
2015-01-27,4972156408,91189723506,787075,9521.59,43.92
2015-01-28,4709303129,83360492917,754191,9510.92,-10.67
2015-01-29,4893263126,83535097517,744931,9426.90,-84.02
2015-01-30,4681307142,87386115955,764663,9361.91,-64.99
2015-02-02,4198820720,73061323101,676154,9386.99,25.08
2015-02-03,4540480721,77845519444,697145,9448.73,61.74
2015-02-04,5265101501,98275417026,859289,9513.92,65.19
2015-02-05,4297455180,74420917173,659579,9512.05,-1.87
2015-02-06,3930850804,72878510518,671147,9456.18,-55.87
2015-02-09,3552049489,66408178128,607561,9421.50,-34.68
2015-02-10,3926336083,76023533973,686564,9393.70,-27.80
2015-02-11,4496931292,97422271241,758016,9462.22,68.52
2015-02-12,3662319286,76959919131,648853,9496.31,34.09
2015-02-13,3395867320,77582870579,676388,9529.51,33.20
2015-02-24,4158918452,114787053310,874827,9629.37,99.86
2015-02-25,4754236685,97194558587,868161,9699.54,70.17
2015-02-26,4438632573,98596499325,784838,9622.10,-77.44
2015-03-02,4459205379,92829887227,837359,9601.36,-20.74
2015-03-03,4446559381,85986600442,784334,9605.77,4.41
2015-03-04,4539189625,85082416047,812771,9621.73,15.96
2015-03-05,4635460608,85930112407,790586,9595.09,-26.64
2015-03-06,4783179259,95779164094,827891,9645.77,50.68
2015-03-09,4400900883,86761858898,772160,9562.98,-82.79
2015-03-10,4731732681,93135038990,860284,9536.53,-26.45
2015-03-11,5039426812,97041708916,892462,9523.18,-13.35
2015-03-12,5614913860,97163348938,908970,9596.00,72.82
2015-03-13,4765227785,88452992419,795705,9579.35,-16.65
2015-03-16,4272083203,83938633831,765183,9512.91,-66.44
2015-03-17,5065590882,98232445611,858373,9539.44,26.53
2015-03-18,5546829875,107569431159,950199,9653.43,113.99
2015-03-19,6277815299,118243967459,1064485,9736.73,83.30
2015-03-20,5786926075,122255394471,1012923,9749.69,12.96
2015-03-23,5613302393,104895147150,964548,9758.09,8.40
2015-03-24,5482580883,97574070984,870967,9731.66,-26.43
2015-03-25,5204949185,96868024585,878488,9667.83,-63.83
2015-03-26,5409431113,120170809243,924760,9619.12,-48.71
2015-03-27,5202683098,114397156839,945939,9503.72,-115.40
2015-03-30,4730427421,92563917741,866239,9521.87,18.15
2015-03-31,5582681658,107060380782,938261,9586.44,64.57
2015-04-01,4767155415,87244876138,830210,9507.66,-78.78
2015-04-02,4444159349,94545360840,839636,9600.32,92.66
2015-04-07,4475869230,93042457816,855949,9641.90,41.58
2015-04-08,4964321091,94461032200,917947,9571.97,-69.93
2015-04-09,5487812296,100860943480,940893,9568.04,-3.93
2015-04-10,4888368216,92668765540,869673,9617.70,49.66
2015-04-13,4689419992,86796279970,836307,9666.52,48.82
2015-04-14,5377952198,94828954001,860303,9642.22,-24.30
2015-04-15,5776807536,114465047447,1021714,9540.06,-102.16
2015-04-16,5454887647,104637603001,951717,9656.87,116.81
2015-04-17,5148406223,99134368657,891062,9570.93,-85.94
2015-04-20,4912281564,91460781461,835649,9552.85,-18.08
2015-04-21,5173309030,94463486011,861574,9533.98,-18.87
2015-04-22,5740755642,104685071765,879319,9613.00,79.02
2015-04-23,7896791432,144526139494,1237028,9797.49,184.49
2015-04-24,7901237149,168637243750,1309641,9913.28,115.79
2015-04-27,6949305336,132148192125,1129116,9973.12,59.84
2015-04-28,6429869782,118166427631,1060989,9956.83,-16.29
2015-04-29,6257225514,114996622976,1063477,9853.83,-103.00
2015-04-30,5308551928,113354129018,998945,9820.05,-33.78
2015-05-04,5334499660,99034716478,869764,9845.04,24.99
2015-05-05,5211353324,91994839945,860619,9820.13,-24.91
2015-05-06,5746814596,97732148575,946704,9818.20,-1.93
2015-05-07,5892695684,95421536820,902452,9704.11,-114.09
2015-05-08,4908798351,84710933655,811827,9692.00,-12.11
2015-05-11,5667335113,96227341183,940750,9663.72,-28.28
2015-05-12,5224330646,89236771933,897301,9680.73,17.01
2015-05-13,5616365961,96418633941,888731,9724.11,43.38
2015-05-14,5719427936,99001312038,954625,9610.83,-113.28
2015-05-15,4901351828,84261005908,821524,9579.48,-31.35
2015-05-18,5186520947,93428094923,879330,9606.10,26.62
2015-05-19,6558000448,108489411438,991830,9716.77,110.67
2015-05-20,6006601853,98669954428,963295,9685.31,-31.46
2015-05-21,5495831940,96794500127,943980,9578.56,-106.75
2015-05-22,5692444036,99773167463,914718,9638.80,60.24
2015-05-25,4733534167,76977513260,728082,9645.17,6.37
2015-05-26,5040137033,79860039334,779123,9669.41,24.24
2015-05-27,5959614716,102139702372,918397,9693.54,24.13
2015-05-28,6343828755,115389625857,997356,9712.84,19.30
2015-05-29,6496284596,143729623318,963830,9701.07,-11.77
2015-06-01,5117913510,92338114844,884015,9625.69,-75.38
2015-06-02,5518704631,100319471275,965965,9614.26,-11.43
2015-06-03,5909994969,102244725077,1016594,9556.52,-57.74
2015-06-04,7512610330,137606014655,1279214,9348.63,-207.89
2015-06-05,6120810367,111662467776,1074049,9340.13,-8.50
2015-06-08,5366753133,96140487119,960292,9368.43,28.30
2015-06-09,6363723560,108865553316,1117500,9191.87,-176.56
2015-06-10,5573210136,98950673518,936154,9298.50,106.63
2015-06-11,5385056243,98794030354,931735,9302.49,3.99
2015-06-12,4438188761,83259876137,791580,9301.93,-0.56
2015-06-15,4136644400,75184213836,745661,9259.48,-42.45
2015-06-16,4506250142,80556119024,787309,9212.78,-46.70
2015-06-17,5035577907,92742972434,977210,9189.83,-22.95
2015-06-18,4579457951,82883259282,816047,9218.37,28.54
2015-06-22,4879223517,90752557215,849903,9341.77,123.40
2015-06-23,5460133078,100681054383,915523,9391.14,49.37
2015-06-24,4657385690,79465282353,771485,9397.31,6.17
2015-06-25,5302137304,103241406305,899982,9476.34,79.03
2015-06-26,4405168765,84629026683,769950,9462.57,-13.77
2015-06-29,4934402131,94229683869,871714,9236.10,-226.47
2015-06-30,4683208727,92660601731,793566,9323.02,86.92
2015-07-01,4656513308,86625727410,771544,9375.23,52.21
2015-07-02,4797356915,86101576336,803459,9379.24,4.01
2015-07-03,4646006972,84384479782,783502,9358.23,-21.01
2015-07-06,4427633609,83557373786,748474,9255.96,-102.27
2015-07-07,4996360947,92490349611,810409,9250.16,-5.80
2015-07-08,7466454956,143386860241,1239207,8976.11,-274.05
2015-07-09,7077500568,130306291418,1157623,8914.13,-61.98
2015-07-13,5739250369,104063379252,945636,9033.92,119.79
2015-07-14,5790554239,100731747658,946131,9041.76,7.84
2015-07-15,4863624738,83369057246,801346,9054.20,12.44
2015-07-16,4748227285,77919815376,763606,9042.21,-11.99
2015-07-17,4319096945,76606304177,727288,9045.98,3.77
2015-07-20,4855463932,82628553869,776982,8975.00,-70.98
2015-07-21,4799326733,72773223246,720477,9005.96,30.96
2015-07-22,4619017684,79605149530,745992,8918.70,-87.26
2015-07-23,5768014528,104461835793,911648,8791.12,-127.58
2015-07-24,4406134242,77718045263,710949,8767.86,-23.26
2015-07-27,5521284502,97489008502,938933,8556.68,-211.18
2015-07-28,5775877736,100156861420,1021345,8582.49,25.81
2015-07-29,5454927450,90000973887,854871,8563.48,-19.01
2015-07-30,5572493165,88591366983,838782,8651.49,88.01
2015-07-31,4714909313,86947729829,800885,8665.34,13.85
2015-08-03,4456854578,79017714667,781107,8524.41,-140.93
2015-08-04,5903371379,100988680642,943638,8510.86,-13.55
2015-08-05,4970382345,86831688174,806529,8542.27,31.41
2015-08-06,5123559195,90865964422,840442,8449.56,-92.71
2015-08-07,4117657825,76154494431,721090,8442.29,-7.27
2015-08-10,4768399796,79158877438,752707,8466.84,24.55
2015-08-11,5618074296,100393801935,962902,8394.14,-72.70
2015-08-12,5511020287,96732344851,921150,8283.38,-110.76
2015-08-13,5227215110,89030027535,859599,8311.74,28.36
2015-08-14,4284159349,73899398219,734286,8305.64,-6.10
2015-08-17,4005646949,70276113818,695278,8213.42,-92.22
2015-08-18,4431352875,75622516534,794186,8177.22,-36.20
2015-08-19,5729045452,101869618054,1091982,8021.84,-155.38
2015-08-20,4817633589,88588003665,900529,8029.81,7.97
2015-08-21,5463799629,103663450512,1058347,7786.92,-242.89
2015-08-24,7568799118,146088004437,1406377,7410.34,-376.58
2015-08-25,6329377004,123696981936,1210843,7675.64,265.30
2015-08-26,5671328509,110092989128,1021079,7715.59,39.95
2015-08-27,5626661703,110139768012,1069050,7824.55,108.96
2015-08-28,5324229177,105351695260,1010936,8019.18,194.63
2015-08-31,4883034485,101646679198,897409,8174.92,155.74
2015-09-01,4641178087,85331377955,901539,8017.56,-157.36
2015-09-02,4825522820,91334186416,900998,8035.29,17.73
2015-09-03,4990186150,87162613218,906304,8095.95,60.66
2015-09-04,4737411847,83033560438,888022,8000.60,-95.35
2015-09-07,3680391776,69047248371,665248,7986.56,-14.04
2015-09-08,3699914682,66815955024,699651,8001.50,14.94
2015-09-09,6099425931,118865028556,1117981,8286.92,285.42
2015-09-10,4568406013,85925955995,888951,8268.68,-18.24
2015-09-11,3965525525,80661662098,828781,8305.82,37.14
2015-09-14,3831432962,76665394494,795341,8307.29,1.47
2015-09-15,3542239088,69267351199,710588,8259.99,-47.30
2015-09-16,4025188269,81336790391,802408,8333.29,73.30
2015-09-17,4910655218,98955865099,975328,8445.50,112.21
2015-09-18,4556547939,95275540660,881237,8462.14,16.64
2015-09-21,3775388802,77788729820,803164,8307.04,-155.10
2015-09-22,3812436934,70438769031,775108,8365.92,58.88
2015-09-23,4206525556,81119488767,871498,8193.42,-172.50
2015-09-24,4252300158,82663718107,854228,8123.10,-70.32
2015-09-25,3660074136,71549305434,724474,8132.35,9.25
2015-09-30,4385018103,105682643390,879655,8181.24,48.89
2015-10-01,4752303138,89611697132,875636,8295.94,114.70
2015-10-02,3917344204,74287125285,762408,8305.03,9.09
2015-10-05,4196667047,84283464981,828895,8352.36,47.33
2015-10-06,5035678132,101097370504,957159,8394.10,41.74
2015-10-07,4977767973,94105068660,893516,8495.23,101.13
2015-10-08,4582747519,97523954545,906154,8445.96,-49.27
2015-10-12,4663975109,103100547719,913455,8573.72,127.76
2015-10-13,4628841592,90133649490,848687,8567.92,-5.80
2015-10-14,4661254793,87825777816,827572,8522.51,-45.41
2015-10-15,4925269611,95189085194,887683,8601.52,79.01
2015-10-16,4770761783,96718322538,867143,8604.95,3.43
2015-10-19,4169249554,81231937425,805771,8631.50,26.55
2015-10-20,4402455182,82685139723,856000,8653.60,22.10
2015-10-21,4797422125,89680272701,922283,8609.23,-44.37
2015-10-22,4318482367,76316202974,788947,8608.46,-0.77
2015-10-23,4431880673,94003940710,898285,8673.81,65.35
2015-10-26,4041409314,85222244907,819121,8745.36,71.55
2015-10-27,4557627263,89139346989,853344,8701.32,-44.04
2015-10-28,4351137856,80512582901,819726,8665.99,-35.33
2015-10-29,4608149414,86080268757,889259,8571.08,-94.91
2015-10-30,4366502709,87141268483,852471,8554.31,-16.77
2015-11-02,3978030515,78762668909,775607,8614.77,60.46
2015-11-03,5032940672,97609778724,928557,8713.19,98.42
2015-11-04,6321826073,128435818337,1148918,8857.02,143.83
2015-11-05,5688577616,107031788473,949724,8850.18,-6.84
2015-11-06,5328087934,114276245495,970731,8693.57,-156.61
2015-11-09,4800751695,95644596303,869204,8642.48,-51.09
2015-11-10,4486788135,86548568189,835616,8536.90,-105.58
2015-11-11,4958427166,97993815359,915699,8415.01,-121.89
2015-11-12,4524702431,83027582041,802587,8428.09,13.08
2015-11-13,3995281198,78154881346,772447,8329.50,-98.59
2015-11-16,4162988137,81544445196,853851,8295.40,-34.10
2015-11-17,4701111814,86433373152,862301,8419.42,124.02
2015-11-18,4434536103,83774632454,891632,8340.47,-78.95
2015-11-19,4519431326,85959724638,870337,8477.20,136.73
2015-11-20,3802180382,76312892966,776646,8465.45,-11.75
2015-11-23,3526392145,70610380103,735894,8485.73,20.28
2015-11-24,4230827606,81692011876,817570,8400.14,-85.59
2015-11-25,4080689769,76411488242,812777,8386.13,-14.01
2015-11-26,4189963481,80124274162,824013,8484.90,98.77
2015-11-27,3541567974,66741696339,708801,8398.40,-86.50
2015-11-30,5703618610,137072781549,1004081,8320.61,-77.79
2015-12-01,4472591068,91597727444,915287,8463.30,142.69
2015-12-02,4638307839,90849304176,931784,8457.40,-5.90
2015-12-03,4456284258,81879390003,878865,8456.06,-1.34
2015-12-04,4023683559,82371605416,865863,8398.60,-57.46
2015-12-07,4093597146,89104532996,823210,8454.27,55.67
2015-12-08,4374180471,87422974979,931973,8343.86,-110.41
2015-12-09,4660580997,90537712075,935042,8229.62,-114.24
2015-12-10,4578151926,89201902075,901791,8216.17,-13.45
2015-12-11,4394623776,89006527464,906046,8115.89,-100.28
2015-12-14,3945349964,76003661375,803296,8040.16,-75.73
2015-12-15,3902011854,74441654422,784379,8073.35,33.19
2015-12-16,4592907964,89590060978,865608,8184.66,111.31
2015-12-17,5006589120,92440420348,923092,8319.67,135.01
2015-12-18,4300834791,84513449675,793505,8257.32,-62.35
2015-12-21,4648276722,78362770442,820957,8282.17,24.85
2015-12-22,4392405268,77226381496,781532,8292.74,10.57
2015-12-23,4533440802,74614133395,808935,8315.70,22.96
2015-12-24,3875484683,61578257711,701722,8324.36,8.66
2015-12-25,2699121219,40256202300,502166,8363.28,38.92
2015-12-28,2661228984,51018569838,550988,8358.49,-4.79
2015-12-29,2947257936,52840284814,577635,8293.91,-64.58
2015-12-30,3048259878,53537173492,584673,8279.99,-13.92
2015-12-31,2499013694,48209622555,494056,8338.06,58.07
2016-01-04,3828317506,77036676791,823702,8114.26,-223.80
2016-01-05,4174711678,80349248930,835646,8075.11,-39.15
2016-01-06,4862380750,99143623931,944604,7990.39,-84.72
2016-01-07,5920713736,117577039714,1151598,7852.06,-138.33
2016-01-08,4534181205,92853774729,859799,7893.97,41.91
2016-01-11,4324346686,85321943005,864273,7788.42,-105.55
2016-01-12,4774778088,86552474918,878969,7768.45,-19.97
2016-01-13,4191855350,76588652185,785161,7824.61,56.16
2016-01-14,4276900082,81779081768,843642,7742.88,-81.73
2016-01-15,4228452132,90430983043,834866,7762.01,19.13
2016-01-18,4556531786,81693572616,899532,7811.18,49.17
2016-01-19,4401843015,74328444326,777581,7854.88,43.70
2016-01-20,4995793415,89909264962,934145,7699.12,-155.76
2016-01-21,4228018052,73757813283,766878,7664.01,-35.11
2016-01-22,3770515717,69411719214,735234,7756.18,92.17
2016-01-25,3916387295,69661237574,721242,7894.15,137.97
2016-01-26,3725690246,62349440613,663929,7828.67,-65.48
2016-01-27,3921538073,70341506723,704137,7849.83,21.16
2016-01-28,4225736859,79651114076,757225,7905.10,55.27
2016-01-29,5887199015,113463518980,991000,8080.60,175.50
2016-01-30,4060926553,62496769696,667653,8145.21,64.61
2016-02-01,4146109539,84881639979,810788,8156.96,11.75
2016-02-02,3578769995,73811790035,762146,8131.24,-25.72
2016-02-03,3340620656,78552943082,756916,8063.00,-68.24
2016-02-15,3701233391,89049265308,835099,8066.51,3.51
2016-02-16,4888935526,92274426133,895472,8212.07,145.56
2016-02-17,4533522300,84973308024,877108,8214.25,2.18
2016-02-18,4700434888,96306906424,908282,8314.67,100.42
2016-02-19,3786260216,76763583732,796911,8325.04,10.37
2016-02-22,4117476850,76666061454,788522,8326.68,1.64
2016-02-23,4282835270,79158782479,834103,8334.64,7.96
2016-02-24,4172001674,72921321301,818928,8282.86,-51.78
2016-02-25,4825333703,85369873858,893624,8365.86,83.00
2016-02-26,4192508108,84825115511,814436,8411.16,45.30
2016-03-01,4344172230,93076019508,914162,8485.69,74.53
2016-03-02,5383933146,101503867237,1022407,8544.05,58.36
2016-03-03,5585659656,101457411076,1058220,8611.79,67.74
2016-03-04,4963184767,95177431173,1002782,8643.55,31.76
2016-03-07,4985069930,97317441753,1044138,8659.55,16.00
2016-03-08,5752490488,107338379721,1118305,8664.31,4.76
2016-03-09,4873667413,87722074364,924681,8634.11,-30.20
2016-03-10,4847234890,86979509559,912645,8660.70,26.59
2016-03-11,4696453516,89618730648,932516,8706.14,45.44
2016-03-14,4958111936,100745050581,1001609,8747.90,41.76
2016-03-15,5749788495,116596382075,1152022,8611.18,-136.72
2016-03-16,4940468348,95303426426,931278,8699.14,87.96
2016-03-17,5640225790,110428671229,1069422,8734.54,35.40
2016-03-18,5058056953,118470664453,980140,8810.71,76.17
2016-03-21,4189171268,83602377454,828164,8812.70,1.99
2016-03-22,4537521519,87909107741,896141,8785.68,-27.02
2016-03-23,4146764067,83001864735,841520,8766.09,-19.59
2016-03-24,4332890552,81028032418,828433,8743.38,-22.71
2016-03-25,3480063136,66971897265,668084,8704.97,-38.41
2016-03-28,3632554168,69405830918,707968,8690.45,-14.52
2016-03-29,4336733399,80354222855,863621,8617.35,-73.10
2016-03-30,4449258360,89188136871,850273,8737.04,119.69
2016-03-31,4483580039,96143315403,841211,8744.83,7.79
2016-04-01,3512441617,74436466179,734759,8657.55,-87.28
2016-04-06,4263805995,99649801435,948232,8513.30,-144.25
2016-04-07,4325190072,85012242354,837480,8490.25,-23.05
2016-04-08,4047158746,78914261945,783411,8541.50,51.25
2016-04-11,3619493831,68897768432,705570,8562.59,21.09
2016-04-12,4271104168,83753452252,844879,8531.18,-31.41
2016-04-13,4800753162,92382932263,855055,8652.08,120.90
2016-04-14,4320339298,82203414897,787098,8667.71,15.63
2016-04-15,3728792198,79717512268,755854,8700.39,32.68
2016-04-18,3363499191,65051346748,665225,8666.01,-34.38
2016-04-19,4134113610,81358438759,767518,8633.72,-32.29
2016-04-20,4810411902,96785720810,966647,8514.48,-119.24
2016-04-21,3914269493,75973585587,760525,8568.65,54.17
2016-04-22,3830670213,79070599556,792676,8535.75,-32.90
2016-04-25,2931595283,56182234555,562358,8560.28,24.53
2016-04-26,3346481055,62262529206,620548,8581.57,21.29
2016-04-27,3487759816,68796176444,632097,8563.05,-18.52
2016-04-28,3924535612,75136632590,717887,8473.87,-89.18
2016-04-29,3580008782,79542764433,724482,8377.90,-95.97
2016-05-03,3754668499,79541801189,728436,8294.12,-83.78
2016-05-04,4149875379,82399462988,816079,8185.47,-108.65
2016-05-05,3977941297,74975723000,745369,8167.96,-17.51
2016-05-06,3953679305,84384286020,771662,8146.43,-21.53
2016-05-09,3710952585,75447508377,708642,8131.83,-14.60
2016-05-10,3741082502,70928843216,694280,8156.29,24.46
2016-05-11,4047480787,80431862471,775750,8135.56,-20.73
2016-05-12,3556435361,68548502596,669426,8108.05,-27.51
2016-05-13,4225037084,89924012838,909771,8053.69,-54.36
2016-05-16,3236743232,64686301497,667038,8067.60,13.91
2016-05-17,3604249794,66672653501,700842,8140.48,72.88
2016-05-18,3491764921,65383955852,701281,8159.68,19.20
2016-05-19,3094933678,60422574449,644954,8095.98,-63.70
2016-05-20,2850865571,58263286174,568897,8131.26,35.28
2016-05-23,4649021224,90554982570,842513,8344.44,213.18
2016-05-24,3555561356,64637921213,675116,8300.66,-43.78
2016-05-25,4049980878,80459911960,783978,8396.20,95.54
2016-05-26,3564495997,65478914576,674618,8394.12,-2.08
2016-05-27,3409655231,68626136475,675938,8463.61,69.49
2016-05-30,3779180371,78124791178,726736,8535.87,72.26
2016-05-31,4925321959,115600250014,794488,8535.59,-0.28
2016-06-01,4102121560,77190940287,782698,8597.16,61.57
2016-06-02,4421236994,82188998656,791451,8556.02,-41.14
2016-06-03,3420623169,64809532971,663124,8587.36,31.34
2016-06-04,1895068731,30206861435,331442,8591.57,4.21
2016-06-06,3053231196,61971449857,577384,8597.11,5.54
2016-06-07,3984243487,85050278728,777187,8679.90,82.79
2016-06-08,3682670146,85786188266,806517,8715.48,35.58
2016-06-13,3574312269,83588012270,757737,8536.22,-179.26
2016-06-14,3125064758,63850727683,643488,8576.12,39.90
2016-06-15,3593085428,72856146856,690191,8606.37,30.25
2016-06-16,3709135528,72824942425,697042,8494.14,-112.23
2016-06-17,3484588797,73109254592,681269,8568.08,73.94
2016-06-20,3001039154,61725407566,637099,8625.92,57.84
2016-06-21,3377528665,70549583295,684126,8684.85,58.93
2016-06-22,3557068248,72954740054,698182,8716.25,31.40
2016-06-23,3111999285,60884859229,605289,8676.68,-39.57
2016-06-24,5791547248,123821946928,1096022,8476.99,-199.69
2016-06-27,3268493657,64019527635,608355,8458.87,-18.12
2016-06-28,3822915741,73716722894,697522,8505.51,46.64
2016-06-29,4531025055,83049487440,798618,8586.56,81.05
2016-06-30,4831561362,95446248784,854736,8666.58,80.02
2016-07-01,4252995062,87367201283,814458,8738.24,71.66
2016-07-04,3642526001,71901682699,692220,8760.58,22.34
2016-07-05,3474978856,63985820013,655418,8716.07,-44.51
2016-07-06,4209879163,79293353851,800325,8575.75,-140.32
2016-07-07,3349857488,63917075018,646627,8640.91,65.16
2016-07-11,4669541115,99362933862,871964,8786.47,145.56
2016-07-12,4699030781,98294776994,871943,8841.46,54.99
2016-07-13,4850884392,98433193150,929113,8857.75,16.29
2016-07-14,4422952583,84659240045,841778,8866.36,8.61
2016-07-15,4874982524,102656765913,976658,8949.85,83.49
2016-07-18,4564796901,93473193654,867491,9008.21,58.36
2016-07-19,4774586439,96280319405,922333,9034.87,26.66
2016-07-20,4447845917,94869577884,913431,9007.68,-27.19
2016-07-21,5201516603,100647508743,1007995,9056.56,48.88
2016-07-22,4242274452,82046171596,840093,9013.14,-43.42
2016-07-25,4007179190,77600049546,777080,8991.67,-21.47
2016-07-26,3925613098,76442857722,726303,9024.79,33.12
2016-07-27,4970935255,96440644211,856895,9063.39,38.60
2016-07-28,4766003386,88750752651,842748,9076.64,13.25
2016-07-29,3852627640,79791349789,717081,8984.41,-92.23
2016-08-01,3871706261,78804102182,765901,9080.71,96.30
2016-08-02,3884166772,74010051370,737921,9068.76,-11.95
2016-08-03,3834059543,70771446177,732463,9001.71,-67.05
2016-08-04,3829779330,74418273151,713559,9024.71,23.00
2016-08-05,4226749494,84243393706,791540,9092.12,67.41
2016-08-08,4083690279,83400282896,751688,9150.26,58.14
2016-08-09,4066821718,79859408846,799032,9155.08,4.82
2016-08-10,4225760731,80598942348,792698,9200.42,45.34
2016-08-11,4760190883,93559858446,880676,9131.83,-68.59
2016-08-12,4015197342,88441767577,825333,9150.39,18.56
2016-08-15,4100081258,79893213002,760158,9148.51,-1.88
2016-08-16,4451022067,84870784913,797042,9110.36,-38.15
2016-08-17,3978438268,81245429214,839612,9117.70,7.34
2016-08-18,4015535468,79316393081,753628,9122.50,4.80
2016-08-19,4388582310,83781157067,808295,9034.27,-88.23
2016-08-22,3885584470,69450728803,727963,8981.81,-52.46
2016-08-23,3836367256,66902162224,655444,9030.93,49.12
2016-08-24,3518670453,61538427352,668789,9017.38,-13.55
2016-08-25,4269679972,78658927216,775060,9115.47,98.09
2016-08-26,3595701488,65815985228,687227,9131.72,16.25
2016-08-29,3794844122,67625369701,714824,9110.17,-21.55
2016-08-30,3756596422,69582701507,726447,9110.56,0.39
2016-08-31,4267889536,87048793580,806189,9068.85,-41.71
2016-09-01,4053283316,80568510876,783833,9001.15,-67.70
2016-09-02,4303473486,79935908743,813990,8987.55,-13.60
2016-09-05,3605627823,64015544012,632790,9090.13,102.58
2016-09-06,4111738487,76499163461,744781,9181.85,91.72
2016-09-07,4782818269,93062897809,842050,9259.07,77.22
2016-09-08,3981132399,77969939336,752880,9262.89,3.82
2016-09-09,3555480447,67475789905,670494,9164.88,-98.01
2016-09-10,2966690082,48599834344,521418,9053.69,-111.19
2016-09-12,3634678303,76385472484,698520,8947.06,-106.63
2016-09-13,3839352136,78995501732,751687,8940.83,-6.23
2016-09-14,3287147362,85671454406,669518,8902.30,-38.53
2016-09-19,4055905456,100130719200,773231,9152.88,250.58
2016-09-20,3637156449,69490591428,665784,9161.58,8.70
2016-09-21,3855290963,74108548817,742404,9228.50,66.92
2016-09-22,3664350552,71438274973,707555,9235.26,6.76
2016-09-23,3223134406,65359211753,673280,9284.62,49.36
2016-09-26,2625293453,55727556974,544364,9194.52,-90.10
2016-09-29,3723139479,89971697637,799500,9270.90,76.38
2016-09-30,3426034697,74600632574,690048,9166.85,-104.05
2016-10-03,3002161742,55597456402,571417,9234.20,67.35
2016-10-04,3066078644,62014403325,661773,9287.77,53.57
2016-10-05,3002597984,60936666203,615998,9272.28,-15.49
2016-10-06,3137942343,63331394814,633418,9284.31,12.03
2016-10-07,2981282506,63235529397,653647,9265.81,-18.50
2016-10-11,4127460101,89690544555,874057,9219.82,-45.99
2016-10-12,3407399739,66304575010,649095,9252.60,32.78
2016-10-13,3342252755,75218324164,714011,9219.17,-33.43
2016-10-14,3222233294,67985163367,656200,9165.17,-54.00
2016-10-17,3082126225,61546873092,598424,9176.22,11.05
2016-10-18,3058813019,64138110361,593138,9222.58,46.36
2016-10-19,3429784279,73889069126,710457,9283.99,61.41
2016-10-20,3523381006,65312097572,694444,9317.24,33.25
2016-10-21,3773891183,76007429901,674656,9306.57,-10.67
2016-10-24,3043948395,57857039710,590798,9322.50,15.93
2016-10-25,3568506720,65726460665,652687,9385.65,63.15
2016-10-26,3200802159,61344471335,605696,9362.25,-23.40
2016-10-27,3436938226,67880845278,664166,9299.55,-62.70
2016-10-28,3124888852,64114045071,603958,9306.92,7.37
2016-10-31,2933043294,59927008062,571396,9290.12,-16.80
2016-11-01,2497659272,49384447728,517806,9272.70,-17.42
2016-11-02,3184164932,64249958155,676018,9139.04,-133.66
2016-11-03,3204101005,67542159332,673612,9067.27,-71.77
2016-11-04,2739339593,53149641659,564001,9068.15,0.88
2016-11-07,2835069903,56453320323,552280,9189.84,121.69
2016-11-08,3072696401,57810135608,596840,9217.43,27.59
2016-11-09,6044384705,119746734223,1140553,8943.20,-274.23
2016-11-10,4506916209,89574137020,818741,9152.18,208.98
2016-11-11,5065759555,114082554617,1048563,8957.76,-194.42
2016-11-14,4637858338,98452839687,903406,8940.40,-17.36
2016-11-15,4100692578,80380985347,824147,8931.03,-9.37
2016-11-16,3914412181,78312045650,786422,8962.22,31.19
2016-11-17,3579224996,64481024051,704226,8995.26,33.04
2016-11-18,3746952412,70078736166,785524,9008.79,13.53
2016-11-21,3751486947,62875145368,739598,9041.11,32.32
2016-11-22,4636095156,81661771425,882450,9133.39,92.28
2016-11-23,4276380428,75384902802,834062,9178.23,44.84
2016-11-24,4041910493,65397719688,733502,9152.11,-26.12
2016-11-25,3665470614,58802328691,686881,9159.07,6.96
2016-11-28,4250435547,72592036106,773036,9222.24,63.17
2016-11-29,4314651140,75711056979,783283,9192.38,-29.86
2016-11-30,4869513418,107648845252,843347,9240.71,48.33
2016-12-01,4136060659,75155573040,833131,9263.53,22.82
2016-12-02,3786805782,76297964684,780668,9189.49,-74.04
2016-12-05,3391496476,63592584448,693698,9160.66,-28.83
2016-12-06,3667576986,71426220272,737772,9250.77,90.11
2016-12-07,3636815416,66724838662,707178,9263.89,13.12
2016-12-08,4549781790,91034926934,910895,9375.86,111.97
2016-12-09,3964574188,78068803613,782282,9392.68,16.82
2016-12-12,4035825377,74175683178,777262,9349.94,-42.74
2016-12-13,3812248527,70197974184,766143,9382.14,32.20
2016-12-14,3434019334,67479724522,719840,9368.52,-13.62
2016-12-15,3836100069,71903813748,732953,9360.35,-8.17
2016-12-16,3675553844,80406391525,740350,9326.78,-33.57
2016-12-19,3156197159,58090807688,631988,9239.32,-87.46
2016-12-20,3372611446,60343314153,630408,9242.41,3.09
2016-12-21,3195514727,59331527595,598839,9204.26,-38.15
2016-12-22,3277666436,58285930512,628518,9118.75,-85.51
2016-12-23,2935828030,53371654474,583205,9078.64,-40.11
2016-12-26,2047647847,32303039201,389028,9110.54,31.90
2016-12-27,2082870472,33728533280,399921,9109.27,-1.27
2016-12-28,2801681236,47787720809,503232,9201.40,92.13
2016-12-29,2703276096,52765537345,509429,9153.09,-48.31
2016-12-30,2740107596,57440768952,567025,9253.50,100.41
2017-01-03,2490220049,46113898863,502365,9272.88,19.38
2017-01-04,2902225383,57298745336,617387,9286.96,14.08
2017-01-05,3925580780,77570633083,759123,9358.14,71.18
2017-01-06,3607840930,70913380389,722508,9372.22,14.08
2017-01-09,3551476599,64708958882,684113,9342.42,-29.80
2017-01-10,3289324247,60598143249,637034,9349.64,7.22
2017-01-11,3680625074,73941460978,744387,9345.74,-3.90
2017-01-12,3771167251,77843540798,770008,9410.18,64.44
2017-01-13,3293064718,72909568901,649509,9378.83,-31.35
2017-01-16,3066709541,58354654137,611380,9292.33,-86.50
2017-01-17,3052796892,58879214644,607637,9354.53,62.20
2017-01-18,3744987831,77677598664,793392,9341.97,-12.56
2017-01-19,3614825738,81677909780,769639,9318.12,-23.85
2017-01-20,3098080735,72733394069,663036,9331.46,13.34
2017-01-23,3219340160,78442540687,700799,9424.05,92.59
2017-01-24,3362191880,90355629176,776056,9447.95,23.90
2017-02-02,5119534614,147930853630,1131546,9428.97,-18.98
2017-02-03,5068371711,102335722986,1056855,9455.56,26.59
2017-02-06,5510906552,102352501152,1076125,9538.01,82.45
2017-02-07,4932873379,95709593373,988506,9554.56,16.55
2017-02-08,5300856389,110729308207,1082850,9543.25,-11.31
2017-02-09,5264593609,106237084984,1038404,9590.18,46.93
2017-02-10,6240806015,136811826048,1209286,9665.59,75.41
2017-02-13,5255562269,101177702355,1023598,9710.32,44.73
2017-02-14,5531133656,113724121218,1072534,9718.78,8.46
2017-02-15,5748794719,117918064389,1165369,9799.76,80.98
2017-02-16,5167818860,108303272962,1033581,9771.25,-28.51
2017-02-17,4358105024,95178870089,916682,9759.76,-11.49
2017-02-18,3411356161,61980819056,664672,9779.92,20.16
2017-02-20,4750607829,97817579999,996037,9753.20,-26.72
2017-02-21,4604650193,90064360265,935626,9763.93,10.73
2017-02-22,4853832134,101274785349,975734,9778.78,14.85
2017-02-23,4655622523,101065671309,966823,9769.31,-9.47
2017-02-24,4221089121,92653105234,887717,9750.47,-18.84
2017-03-01,4352913007,99915928382,981872,9674.78,-75.69
2017-03-02,4761241087,104159903203,989848,9691.80,17.02
2017-03-03,4165254128,85467058840,891917,9648.21,-43.59
2017-03-06,3722553150,68845014663,769593,9682.63,34.42
2017-03-07,3874251922,71771505561,771173,9738.07,55.44
2017-03-08,4196044437,82579673298,857665,9753.45,15.38
2017-03-09,4805336100,90358029649,982043,9658.61,-94.84
2017-03-10,4616512391,89769254472,961607,9627.89,-30.72
2017-03-13,4101677979,82907786529,843499,9697.34,69.45
2017-03-14,4677117001,92252375306,909928,9744.21,46.87
2017-03-15,3889942507,72564879826,813385,9740.31,-3.90
2017-03-16,4560309831,95550625488,932250,9837.83,97.52
2017-03-17,4951138499,109554588887,979183,9908.69,70.86
2017-03-20,4203851177,84500561261,914394,9912.97,4.28
2017-03-21,4552153526,100310012870,1034233,9972.49,59.52
2017-03-22,4437300856,97448772149,958889,9922.66,-49.83
2017-03-23,4726452783,102315987104,1038473,9930.74,8.08
2017-03-24,4184614572,89295142320,922368,9902.98,-27.76
2017-03-27,4199023557,88437955668,946805,9876.77,-26.21
2017-03-28,4833690290,104679452484,1049582,9876.45,-0.32
2017-03-29,4341930175,88748191723,862064,9856.25,-20.20
2017-03-30,4255899858,91751321697,903406,9848.15,-8.10
2017-03-31,4182990319,104067378964,908989,9811.52,-36.63
2017-04-05,4994427771,127812472368,1152742,9949.48,137.96
2017-04-06,4127687529,92189842922,880097,9897.80,-51.68
2017-04-07,4664377829,102973527470,972990,9873.37,-24.43
2017-04-10,4447518686,87324479551,916553,9882.54,9.17
2017-04-11,4489653247,94530659488,973079,9832.42,-50.12
2017-04-12,4590275231,90024264907,925670,9817.68,-14.74
2017-04-13,4547938309,86707759869,872730,9836.68,19.00
2017-04-14,4501756551,87186593277,871192,9732.93,-103.75
2017-04-17,4208924311,78206767172,809977,9716.40,-16.53
2017-04-18,3700798457,74133133382,724402,9746.56,30.16
2017-04-19,4375018595,88231324233,899405,9639.94,-106.62
2017-04-20,3972099050,84241729031,777038,9632.69,-7.25
2017-04-21,3539298570,71141764011,711662,9717.41,84.72
2017-04-24,3213220312,66653796607,648179,9717.95,0.54
2017-04-25,4424779652,93438289016,858803,9841.71,123.76
2017-04-26,4714162637,103340274421,910871,9856.45,14.74
2017-04-27,3886027373,83500011125,770132,9860.62,4.17
2017-04-28,4246227339,100339611547,862542,9872.00,11.38
2017-05-02,4583066720,113398815574,890516,9941.27,69.27
2017-05-03,3897253613,80923728874,760846,9955.33,14.06
2017-05-04,3579143799,75709450990,747116,9967.64,12.31
2017-05-05,3702206175,75879221397,741718,9899.94,-67.70
2017-05-08,3862471049,86015234087,764440,9937.25,37.31
2017-05-09,4803642000,109938759102,941894,9915.48,-21.77
2017-05-10,4203615748,91684675118,833782,9968.32,52.84
2017-05-11,4597490855,98480520370,839341,10001.48,33.16
2017-05-12,4252428079,93149330050,806303,9986.82,-14.66
2017-05-15,4120343547,88454721807,791966,10036.82,50.00
2017-05-16,4501384032,105306073561,902385,10031.49,-5.33
2017-05-17,3899312658,84228391680,777400,10013.67,-17.82
2017-05-18,3876042835,84073982529,766058,9969.45,-44.22
2017-05-19,3537228615,70709301681,684031,9947.62,-21.83
2017-05-22,3274562987,71864155555,692703,9997.26,49.64
2017-05-23,3831722898,82269159789,769269,10007.84,10.58
2017-05-24,3789171772,81916556826,769394,10044.42,36.58
2017-05-25,4485613092,96385707053,877299,10108.49,64.07
2017-05-26,3980971963,92756091654,807283,10101.95,-6.54
2017-05-31,4580700178,124560910173,839510,10040.72,-61.23
2017-06-01,3935374785,82752107040,788309,10087.42,46.70
2017-06-02,4262071599,88417012089,844921,10152.53,65.11
2017-06-03,2798294261,46104007889,522879,10158.15,5.62
2017-06-05,4481379792,93903092656,908436,10226.84,68.69
2017-06-06,4293252680,87145486178,824407,10206.18,-20.66
2017-06-07,4559947908,103836410321,886598,10209.99,3.81
2017-06-08,4040636518,86075208126,775410,10225.78,15.79
2017-06-09,4677580150,104458110266,915527,10199.65,-26.13
2017-06-12,3985616060,91468337323,780379,10109.96,-89.69
2017-06-13,3602428296,82706434189,706271,10128.15,18.19
2017-06-14,4552307234,101455590192,870178,10072.46,-55.69
2017-06-15,3918532212,79321844333,712871,10088.35,15.89
2017-06-16,4404312440,98019446528,767360,10156.73,68.38
2017-06-19,4269513695,90699678925,796152,10250.60,93.87
2017-06-20,4530397192,94891334506,802935,10324.46,73.86
2017-06-21,5132712376,110615625922,955178,10349.72,25.26
2017-06-22,4738922736,97969279194,833859,10399.06,49.34
2017-06-23,4289799239,91395185958,754442,10377.70,-21.36
2017-06-26,5791622097,135026851454,980822,10513.96,136.26
2017-06-27,5598438384,114683454819,957427,10512.06,-1.90
2017-06-28,6023213594,124947255267,1005185,10390.55,-121.51
2017-06-29,5402821207,100488780115,885847,10421.65,31.10
2017-06-30,4536306301,95304784071,766524,10395.07,-26.58
2017-07-03,4453084827,85666492787,746470,10412.79,17.72
2017-07-04,4893991008,92728204144,869492,10347.78,-65.01
2017-07-05,4293552119,84959839288,741278,10404.79,57.01
2017-07-06,3994714104,87544601839,683735,10368.20,-36.59
2017-07-07,3741612587,83791845935,679599,10297.25,-70.95
2017-07-10,3961608955,82621691351,727075,10289.91,-7.34
2017-07-11,4808364004,110479228050,820143,10415.57,125.66
2017-07-12,5099777806,112288665593,875524,10420.68,5.11
2017-07-13,5724517384,117503676890,937638,10460.15,39.47
2017-07-14,4863496117,101305353005,841899,10443.91,-16.24
2017-07-17,4824543675,100189589970,841487,10457.54,13.63
2017-07-18,4840898103,97241737168,826043,10481.26,23.72
2017-07-19,5429199016,120095511139,980681,10506.10,24.84
2017-07-20,5016236548,103519884106,865594,10499.36,-6.74
2017-07-21,4167695472,85631515057,750886,10436.70,-62.66
2017-07-24,3935837624,82964547962,732545,10461.28,24.58
2017-07-25,4566876036,93217152274,811780,10463.15,1.87
2017-07-26,5320582357,109732730165,922913,10419.11,-44.04
2017-07-27,5521768225,110444483800,926175,10508.37,89.26
2017-07-28,4504894920,98797187245,797486,10423.05,-85.32
2017-07-31,4379828777,96853698866,774704,10427.33,4.28
2017-08-01,5390357272,113018512829,950358,10437.29,9.96
2017-08-02,5537089480,124516201982,982034,10519.27,81.98
2017-08-03,5014480467,110863019149,911308,10469.88,-49.39
2017-08-04,5216082839,114387448635,975513,10506.56,36.68
2017-08-07,5672576274,128044126607,1039179,10579.38,72.82
2017-08-08,5985191067,134259290983,1104055,10568.97,-10.41
2017-08-09,5456480435,112648284298,978770,10470.38,-98.59
2017-08-10,6392060155,137041278806,1133168,10329.74,-140.64
2017-08-11,5864918084,123089498180,933305,10329.57,-0.17
2017-08-14,5432947274,108746597780,981001,10225.28,-104.29
2017-08-15,5054840403,95342619979,852563,10311.16,85.88
2017-08-16,5191539359,100488470486,988309,10290.39,-20.77
2017-08-17,5616791323,98969617234,950161,10369.37,78.98
2017-08-18,5044204395,90157457050,895113,10321.33,-48.04
2017-08-21,4578949234,86463292778,858810,10326.39,5.06
2017-08-22,5549157467,110914846960,1002180,10392.07,65.68
2017-08-23,5641405263,117047625377,1042119,10406.81,14.74
2017-08-24,5808139755,117767099473,1037836,10488.96,82.15
2017-08-25,6024909572,121552932876,1093091,10515.51,26.55
2017-08-28,5890372644,114730302268,1040947,10525.98,10.47
2017-08-29,5814380272,108694251208,1027443,10496.57,-29.41
2017-08-30,5901288169,121497579637,1083348,10569.40,72.83
2017-08-31,5945548107,129488500165,1068561,10585.78,16.38
2017-09-01,6064861953,115511578373,1089003,10594.82,9.04
2017-09-04,5498749075,106969189694,994838,10569.87,-24.95
2017-09-05,5873609014,120738411849,1053207,10617.84,47.97
2017-09-06,6210529776,130345356493,1158515,10547.86,-69.98
2017-09-07,6412690437,132970074910,1188773,10538.51,-9.35
2017-09-08,5779683575,122808831655,1079836,10609.95,71.44
2017-09-11,5920435072,132729410604,1190211,10572.16,-37.79
2017-09-12,5769101200,126290984489,1121196,10610.35,38.19
2017-09-13,5853111895,130257893359,1096739,10532.88,-77.47
2017-09-14,5522954635,123687874321,1054619,10553.57,20.69
2017-09-15,6482820450,158750379249,1148796,10580.41,26.84
2017-09-18,6950033376,135735383124,1255510,10631.57,51.16
2017-09-19,6625270739,140825604205,1207986,10576.14,-55.43
2017-09-20,5895804384,131844817912,1143225,10519.17,-56.97
2017-09-21,5569265779,121796308125,989206,10578.44,59.27
2017-09-22,5727401460,122302198065,1045965,10449.68,-128.76
2017-09-25,5784894485,132130208753,1154076,10335.89,-113.79
2017-09-26,5758755103,123610817662,1050424,10257.02,-78.87
2017-09-27,5280623838,110708660072,884098,10326.68,69.66
2017-09-28,5003507875,107640220468,897399,10296.45,-30.23
2017-09-29,4925439728,101796738284,858030,10329.94,33.49
2017-09-30,3583409388,54278685485,560930,10383.94,54.00
2017-10-02,4720525520,101571488867,848525,10465.16,81.22
2017-10-03,4790980468,109420203628,899943,10469.35,4.19
2017-10-05,4672633583,106536506718,900642,10518.27,48.92
2017-10-06,4669025799,109117143827,917418,10532.81,14.54
2017-10-11,5950658523,156055654139,1183032,10641.19,108.38
2017-10-12,5367696788,126234928361,1036278,10711.44,70.25
2017-10-13,5252705145,123502674196,1007207,10724.09,12.65
2017-10-16,5697392917,126832090367,1076400,10774.21,50.12
2017-10-17,5300574136,121200574559,1054825,10723.15,-51.06
2017-10-18,5743037974,137887349244,1148874,10720.28,-2.87
2017-10-19,5461982551,119853553153,964094,10760.29,40.01
2017-10-20,5337213956,126369607530,959798,10728.88,-31.41
2017-10-23,4926106311,105641792755,907378,10735.21,6.33
2017-10-24,5237811759,111985940731,970401,10743.78,8.57
2017-10-25,5508162643,120240229129,1064287,10750.57,6.79
2017-10-26,5218891689,112492410543,940182,10734.76,-15.81
2017-10-27,6671349862,149096652218,1241644,10709.11,-25.65
2017-10-30,5553482791,125069645860,992319,10756.87,47.76
2017-10-31,5326084818,119064708718,964342,10793.80,36.93
2017-11-01,5922894127,129426685620,1071018,10806.36,12.56
2017-11-02,5623447218,119936692025,1057759,10788.51,-17.85
2017-11-03,5322948383,115901236972,965396,10800.77,12.26
2017-11-06,5351919578,113506433843,965308,10786.19,-14.58
2017-11-07,6076222808,127711097079,1125887,10840.34,54.15
2017-11-08,5841076483,121301420102,1099538,10818.99,-21.35
2017-11-09,6796045791,148810975232,1292325,10743.27,-75.72
2017-11-10,5788395239,120387676242,1031970,10732.67,-10.60
2017-11-13,6384150746,129786130777,1150414,10683.92,-48.75
2017-11-14,6180626160,125450282565,1099809,10687.18,3.26
2017-11-15,5744455073,129463951180,1092459,10630.65,-56.53
2017-11-16,5341731411,106258098497,964984,10625.04,-5.61
2017-11-17,5974753724,128443868166,1066910,10701.64,76.60
2017-11-20,5807282048,110548858121,1009220,10664.55,-37.09
2017-11-21,7053601407,138856976204,1235509,10779.24,114.69
2017-11-22,8528991161,180091845023,1493696,10822.59,43.35
2017-11-23,6616309822,130565718513,1167285,10854.57,31.98
2017-11-24,6581726455,128775377315,1157941,10854.09,-0.48
2017-11-27,6542165679,135371906332,1145566,10750.93,-103.16
2017-11-28,6703436361,142467877486,1204400,10707.07,-43.86
2017-11-29,6677175383,135641952589,1230839,10713.55,6.48
2017-11-30,8809780282,233550933973,1487866,10560.44,-153.11
2017-12-01,7933236119,181374846692,1527375,10600.37,39.93
2017-12-04,6430784687,129855154942,1144851,10651.11,50.74
2017-12-05,6970138923,146624864925,1310338,10566.85,-84.26
2017-12-06,7215142961,161324617949,1277076,10393.92,-172.93
2017-12-07,6593705046,138535637527,1127677,10355.76,-38.16
2017-12-08,6220995884,130820598856,1092197,10398.62,42.86
2017-12-11,6037430874,117916623799,1035369,10473.09,74.47
2017-12-12,5475479592,108920588688,964760,10443.28,-29.81
2017-12-13,5215130556,103929164980,958674,10470.70,27.42
2017-12-14,5600785133,113661041352,1027260,10538.01,67.31
2017-12-15,5727664985,126673478846,966006,10491.44,-46.57
2017-12-18,4588561055,96046418831,874477,10506.52,15.08
2017-12-19,5098487325,112683186478,958014,10467.34,-39.18
2017-12-20,5084408110,103871766481,946159,10504.52,37.18
2017-12-21,5089181777,99221790281,912624,10488.97,-15.55
2017-12-22,4591388453,91994484539,848046,10537.27,48.30
2017-12-25,4356973081,81617030326,837153,10522.49,-14.78
2017-12-26,5063760784,97562886205,918009,10421.91,-100.58
2017-12-27,4919533526,92597567592,876258,10486.67,64.76
2017-12-28,5457228746,110344378580,950937,10567.64,80.97
2017-12-29,5349314892,109938213929,994709,10642.86,75.22
2018-01-02,5393557894,104485978156,1010745,10710.73,67.87
2018-01-03,6544990989,141723704625,1261265,10801.57,90.84
2018-01-04,6740175303,143686958221,1320748,10848.63,47.06
2018-01-05,6715972144,144004915146,1278348,10879.80,31.17
2018-01-08,6747313493,139301785872,1338571,10915.75,35.95
2018-01-09,6453410283,133211413471,1185568,10914.89,-0.86
2018-01-10,6815293008,139187895821,1262433,10831.09,-83.80
2018-01-11,5956643953,124656557779,1105588,10810.06,-21.03
2018-01-12,6419338409,128002316462,1128608,10883.96,73.90
2018-01-15,6273636454,127032486564,1083726,10956.31,72.35
2018-01-16,6569860182,132985393040,1185510,10986.11,29.80
2018-01-17,7468213298,148599645488,1368586,11004.80,18.69
2018-01-18,7149380963,152080528329,1247389,11071.57,66.77
2018-01-19,6276312147,137049962657,1125538,11150.85,79.28
2018-01-22,7242725457,150580321800,1239223,11231.46,80.61
2018-01-23,7873977230,164930930051,1310507,11253.11,21.65
2018-01-24,7272231969,148083916177,1198267,11152.16,-100.95
2018-01-25,7802501963,163780823417,1321496,11165.95,13.79
2018-01-26,6638578790,138815076621,1139438,11147.10,-18.85
2018-01-29,6316563408,132365985758,1094115,11221.81,74.71
2018-01-30,6737209253,139209942657,1148525,11076.78,-145.03
2018-01-31,6625691373,135776167380,1087145,11103.79,27.01
2018-02-01,6159445664,122834128366,1019601,11160.25,56.46
2018-02-02,5567454998,121022800972,936819,11126.23,-34.02
2018-02-05,6014356481,130163584787,1082776,10946.25,-179.98
2018-02-06,10480219602,242496529949,2040709,10404.00,-542.25
2018-02-07,7521254378,175737274939,1348104,10551.54,147.54
2018-02-08,6101573814,121754444007,1034150,10528.52,-23.02
2018-02-09,6421173807,151991264918,1261285,10371.75,-156.77
2018-02-12,4309653550,110415124812,920462,10421.09,49.34
2018-02-21,6062820063,155037933504,1156041,10714.44,293.35
2018-02-22,6153849673,128207701736,1008798,10662.38,-52.06
2018-02-23,6362066582,127871324620,1126176,10794.55,132.17
2018-02-26,6063669788,122253496143,1050586,10836.70,42.15
2018-02-27,6624161500,139740113449,1111949,10815.47,-21.23
2018-03-01,6409193106,131952100388,1119451,10785.79,-29.68
2018-03-02,5540635421,111337800478,1006291,10698.17,-87.62
2018-03-05,5336510339,113690333239,1028536,10642.90,-55.27
2018-03-06,5085558928,112678730916,927193,10784.34,141.44
2018-03-07,5642178343,123353694924,1030385,10745.32,-39.02
2018-03-08,6378116374,121435965376,1072781,10823.24,77.92
2018-03-09,6282166877,125066858729,1053649,10864.82,41.58
2018-03-12,6991178817,141140409795,1186002,11002.10,137.28
2018-03-13,6549500632,134213112692,1121634,11095.63,93.53
2018-03-14,5974563971,120081381402,1054265,11038.80,-56.83
2018-03-15,5841194632,112950142001,967890,11018.45,-20.35
2018-03-16,6617225747,168157244417,1115901,11027.70,9.25
2018-03-19,5611915481,112041452258,965124,11046.90,19.20
2018-03-20,5751472968,111608927894,947970,11010.84,-36.06
2018-03-21,6342379504,132782995088,1097218,11011.07,0.23
2018-03-22,7131905911,149800516646,1221537,11005.84,-5.23
2018-03-23,6868559459,149767336040,1232383,10823.33,-182.51
2018-03-26,5643019867,120769811413,985624,10840.05,16.72
2018-03-27,6348820225,131333756993,1096007,10986.79,146.74
2018-03-28,5690925732,117816773484,1015037,10865.66,-121.13
2018-03-29,5468779969,117736719970,1023023,10845.92,-19.74
2018-03-30,5834021898,115009982236,1031634,10906.22,60.30
2018-03-31,4423640021,76778668460,777091,10919.49,13.27
